Date,High,Low,Open,Close,Volume,Adj Close,tenkan_sen,kijun_sen,senkou_span_a,senkou_span_b,chikou_span
2021-11-01,279.4700012207031,271.343994140625,273.20001220703125,278.94000244140625,2773200,278.94000244140625,,,,,194.86000061035156
2021-11-02,286.45001220703125,276.2699890136719,281.09600830078125,280.2900085449219,2092700,280.2900085449219,,,,,188.27000427246094
2021-11-03,286.04998779296875,274.0249938964844,280.2200012207031,285.6600036621094,2435800,285.6600036621094,,,,,185.25
2021-11-04,291.30999755859375,280.7300109863281,286.2179870605469,282.20001220703125,1986800,282.20001220703125,,,,,184.57000732421875
2021-11-05,275.6400146484375,259.7699890136719,267.1000061035156,264.70001220703125,5421000,264.70001220703125,,,,,181.94000244140625
2021-11-08,263.17999267578125,257.94000244140625,262.6499938964844,259.8999938964844,3944100,259.8999938964844,,,,,183.72999572753906
2021-11-09,265.6600036621094,257.57000732421875,260.989990234375,258.3999938964844,3022500,258.3999938964844,,,,,182.39999389648438
2021-11-10,259.4700012207031,249.0,257.010009765625,251.25999450683594,4903900,251.25999450683594,,,,,199.74000549316406
2021-11-11,253.19000244140625,245.16000366210938,251.27000427246094,247.60000610351562,3286200,247.60000610351562,268.23500061035156,,,,197.97000122070312
2021-11-12,255.13999938964844,245.52999877929688,248.3800048828125,254.97000122070312,3173600,254.97000122070312,268.23500061035156,,,,199.4199981689453
2021-11-15,265.3299865722656,255.0,255.0,263.7099914550781,3994900,263.7099914550781,268.23500061035156,,,,193.1300048828125
2021-11-16,268.8800048828125,261.2099914550781,263.0,264.489990234375,1972000,264.489990234375,268.23500061035156,,,,191.64999389648438
2021-11-17,266.19000244140625,261.5199890136719,264.0,263.7099914550781,2417300,263.7099914550781,260.40000915527344,,,,187.44000244140625
2021-11-18,263.5,254.5800018310547,260.8800048828125,255.75,2353700,255.75,257.02000427246094,,,,183.77000427246094
2021-11-19,265.2300109863281,249.3300018310547,262.239990234375,251.3000030517578,3877500,251.3000030517578,257.02000427246094,,,,181.80999755859375
2021-11-22,251.6999969482422,238.1999969482422,249.25999450683594,242.27999877929688,8012800,242.27999877929688,253.54000091552734,,,,190.52000427246094
2021-11-23,218.61000061035156,195.8000030517578,218.0500030517578,206.63999938964844,25297500,206.63999938964844,232.34000396728516,,,,183.91000366210938
2021-11-24,211.5,202.02000427246094,203.89700317382812,208.3000030517578,9218600,208.3000030517578,232.34000396728516,,,,184.25999450683594
2021-11-26,235.97000122070312,219.2100067138672,235.6999969482422,220.2100067138672,10808600,220.2100067138672,232.34000396728516,,,,179.85000610351562
2021-11-29,219.36000061035156,208.4600067138672,216.42999267578125,218.97999572753906,7035400,218.97999572753906,232.34000396728516,,,,174.8800048828125
2021-11-30,221.40499877929688,207.39999389648438,220.66000366210938,211.41000366210938,5916200,211.41000366210938,230.99500274658203,,,,176.3300018310547
2021-12-01,211.5,196.26600646972656,211.4199981689453,197.7100067138672,7560800,197.7100067138672,230.51500701904297,,,,171.60000610351562
2021-12-02,198.49000549316406,188.3699951171875,195.44000244140625,191.75,6610800,191.75,226.8000030517578,,,,172.55999755859375
2021-12-03,187.8300018310547,177.1199951171875,187.72999572753906,183.9199981689453,8934200,183.9199981689453,214.40999603271484,,,,175.97000122070312
2021-12-06,186.1300048828125,175.27000427246094,180.63499450683594,185.83999633789062,4157900,185.83999633789062,205.62000274658203,,,,170.64999389648438
2021-12-07,190.86500549316406,185.5800018310547,187.85000610351562,189.05999755859375,3988300,189.05999755859375,205.62000274658203,233.29000091552734,,,162.10000610351562
2021-12-08,195.97999572753906,184.3000030517578,188.2899932861328,194.86000061035156,3320800,194.86000061035156,205.62000274658203,233.29000091552734,,,159.72000122070312
2021-12-09,198.50999450683594,185.64999389648438,195.1649932861328,188.27000427246094,3797200,188.27000427246094,198.3375015258789,233.29000091552734,,,157.6999969482422
2021-12-10,191.36000061035156,183.91000366210938,188.27000427246094,185.25,2174600,185.25,198.3375015258789,233.29000091552734,,,157.22999572753906
2021-12-13,188.97000122070312,181.0,181.86000061035156,184.57000732421875,2767800,184.57000732421875,193.38500213623047,225.45500946044922,,,155.80999755859375
2021-12-14,183.4199981689453,178.8000030517578,180.57000732421875,181.94000244140625,3511200,181.94000244140625,186.88999938964844,222.07500457763672,,,147.66000366210938
2021-12-15,185.46499633789062,174.66000366210938,181.1300048828125,183.72999572753906,4792300,183.72999572753906,186.58499908447266,221.77000427246094,,,152.9499969482422
2021-12-16,185.72000122070312,177.0,183.7899932861328,182.39999389648438,4224400,182.39999389648438,186.58499908447266,221.77000427246094,,,145.88999938964844
2021-12-17,201.69000244140625,183.35499572753906,184.1199951171875,199.74000549316406,10512600,199.74000549316406,188.1750030517578,221.77000427246094,,,140.3300018310547
2021-12-20,205.22000122070312,197.02000427246094,205.0,197.97000122070312,7774100,197.97000122070312,189.94000244140625,221.77000427246094,,,136.80999755859375
2021-12-21,200.52999877929688,191.6699981689453,199.0399932861328,199.4199981689453,4246800,199.4199981689453,189.94000244140625,221.77000427246094,,,143.80999755859375
2021-12-22,200.25,190.4199981689453,197.0500030517578,193.1300048828125,2865900,193.1300048828125,189.94000244140625,221.77000427246094,,,154.27999877929688
2021-12-23,193.41000366210938,186.64999389648438,191.0,191.64999389648438,3106600,191.64999389648438,189.94000244140625,220.4250030517578,,,155.67999267578125
2021-12-27,190.44000244140625,185.66000366210938,189.5399932861328,187.44000244140625,3068500,187.44000244140625,189.94000244140625,219.94500732421875,,,148.11000061035156
2021-12-28,190.6300048828125,183.08999633789062,186.60000610351562,183.77000427246094,3129100,183.77000427246094,189.94000244140625,219.94500732421875,,,137.94000244140625
2021-12-29,185.21400451660156,179.78500366210938,184.0,181.80999755859375,2565700,181.80999755859375,191.11000061035156,213.18000030517578,,,144.10000610351562
2021-12-30,192.91000366210938,180.83999633789062,182.32000732421875,190.52000427246094,4141900,190.52000427246094,192.50250244140625,205.31500244140625,,,141.44000244140625
2021-12-31,191.61099243164062,183.6199951171875,189.1999969482422,183.91000366210938,2817400,183.91000366210938,192.50250244140625,205.31500244140625,,,142.69000244140625
2022-01-03,184.91000366210938,177.24000549316406,184.44000244140625,184.25999450683594,3171900,184.25999450683594,188.88500213623047,205.31500244140625,,,149.60000610351562
2022-01-04,183.55499267578125,172.10000610351562,183.32000732421875,179.85000610351562,5269800,179.85000610351562,186.1750030517578,196.75250244140625,,,145.72000122070312
2022-01-05,183.6699981689453,174.2899932861328,175.97500610351562,174.8800048828125,3772300,174.8800048828125,182.7550048828125,196.75250244140625,,,141.24000549316406
2022-01-06,181.8800048828125,171.22999572753906,173.08999633789062,176.3300018310547,4002500,176.3300018310547,182.06999969482422,191.36499786376953,,,142.08999633789062
2022-01-07,180.6699981689453,170.72000122070312,176.0500030517578,171.60000610351562,3089400,171.60000610351562,181.81500244140625,187.97000122070312,,,146.89999389648438
2022-01-10,173.22999572753906,164.89999389648438,169.32000732421875,172.55999755859375,3502300,172.55999755859375,178.90499877929688,185.05999755859375,,,138.50999450683594
2022-01-11,178.8800048828125,169.4499969482422,172.14999389648438,175.97000122070312,2411000,175.97000122070312,178.90499877929688,185.05999755859375,,,129.3800048828125
2022-01-12,179.89999389648438,169.6999969482422,177.0,170.64999389648438,2704300,170.64999389648438,178.2554931640625,185.05999755859375,,,126.95999908447266
2022-01-13,170.38999938964844,162.0,170.10000610351562,162.10000610351562,4612500,162.10000610351562,173.4550018310547,183.61000061035156,219.4550018310547,,126.61000061035156
2022-01-14,164.88999938964844,156.8800048828125,161.4199981689453,159.72000122070312,4700700,159.72000122070312,170.2750015258789,181.0500030517578,219.4550018310547,,120.0999984741211
2022-01-18,162.97999572753906,156.0,156.32400512695312,157.6999969482422,4360900,157.6999969482422,169.83499908447266,180.61000061035156,215.81375122070312,,126.97000122070312
2022-01-19,162.99000549316406,156.94000244140625,158.64999389648438,157.22999572753906,3305200,157.22999572753906,168.94000244140625,180.61000061035156,215.81375122070312,,125.31999969482422
2022-01-20,163.47999572753906,155.64999389648438,159.5500030517578,155.80999755859375,3710700,155.80999755859375,168.15999603271484,180.43499755859375,209.42000579833984,,132.60000610351562
2022-01-21,156.91000366210938,147.11000061035156,153.97999572753906,147.66000366210938,5722600,147.66000366210938,163.50499725341797,176.16500091552734,204.48250198364258,,122.77999877929688
2022-01-24,153.24000549316406,138.91000366210938,141.67999267578125,152.9499969482422,8231800,152.9499969482422,159.40499877929688,172.06500244140625,204.1775016784668,,121.61000061035156
2022-01-25,152.13999938964844,142.1199951171875,150.0,145.88999938964844,5122200,145.88999938964844,159.40499877929688,172.06500244140625,204.1775016784668,,113.11000061035156
2022-01-26,152.0,138.88999938964844,150.0279998779297,140.3300018310547,4888300,140.3300018310547,154.63999938964844,172.05500030517578,204.97250366210938,,108.94000244140625
2022-01-27,143.80999755859375,136.1699981689453,143.60000610351562,136.80999755859375,3572600,136.80999755859375,150.52999877929688,168.3499984741211,205.8550033569336,,107.87999725341797
2022-01-28,143.88999938964844,134.6999969482422,137.5800018310547,143.80999755859375,3682700,143.80999755859375,149.08999633789062,167.4749984741211,205.8550033569336,,108.48999786376953
2022-01-31,154.33999633789062,145.89999389648438,146.6699981689453,154.27999877929688,4960900,154.27999877929688,149.08999633789062,164.05500030517578,205.8550033569336,,109.08000183105469
2022-02-01,155.9499969482422,150.07000732421875,155.22999572753906,155.67999267578125,3316000,155.67999267578125,149.08999633789062,163.80500030517578,205.18250274658203,,103.33000183105469
2022-02-02,156.0500030517578,146.5800018310547,155.7899932861328,148.11000061035156,3063400,148.11000061035156,145.80500030517578,163.80500030517578,204.9425048828125,,98.12000274658203
2022-02-03,146.4499969482422,137.35000610351562,144.07200622558594,137.94000244140625,3356000,137.94000244140625,145.375,163.80500030517578,204.9425048828125,,94.63999938964844
2022-02-04,145.2100067138672,136.9199981689453,139.3000030517578,144.10000610351562,3457900,144.10000610351562,145.375,163.80500030517578,202.14500045776367,,98.97000122070312
2022-02-07,147.47999572753906,139.77999877929688,144.58999633789062,141.44000244140625,2531100,141.44000244140625,145.375,163.1554946899414,198.90875244140625,,106.83999633789062
2022-02-08,143.19000244140625,137.27999877929688,139.36000061035156,142.69000244140625,2565100,142.69000244140625,145.375,159.80500030517578,198.90875244140625,,111.29000091552734
2022-02-09,149.80999755859375,143.89999389648438,146.49000549316406,149.60000610351562,3067100,149.60000610351562,145.375,159.18499755859375,197.10000228881836,,116.27999877929688
2022-02-10,152.69000244140625,144.2899932861328,145.77999877929688,145.72000122070312,3348800,145.72000122070312,146.48500061035156,159.18499755859375,191.46375274658203,,116.87000274658203
2022-02-11,150.47999572753906,140.16000366210938,146.96499633789062,141.24000549316406,2690400,141.24000549316406,146.48500061035156,158.29000091552734,189.75375366210938,,119.80000305175781
2022-02-14,147.74000549316406,141.11000061035156,142.4199981689453,142.08999633789062,2538900,142.08999633789062,146.48500061035156,157.68499755859375,186.71749877929688,,116.80999755859375
2022-02-15,147.14500427246094,141.10000610351562,144.44000244140625,146.89999389648438,3043800,146.89999389648438,144.80500030517578,157.29999542236328,184.8925018310547,,117.75
2022-02-16,144.69000244140625,136.39500427246094,144.49000549316406,138.50999450683594,3928900,138.50999450683594,144.5425033569336,157.29999542236328,181.9824981689453,,113.93000030517578
2022-02-17,137.73500061035156,128.92999267578125,137.6300048828125,129.3800048828125,4944700,129.3800048828125,140.80999755859375,154.4149932861328,181.9824981689453,,117.44999694824219
2022-02-18,131.94000244140625,124.70999908447266,130.1300048828125,126.95999908447266,5435000,126.95999908447266,138.70000076293945,147.54999923706055,181.65774536132812,,126.26000213623047
2022-02-22,130.72999572753906,124.9800033569336,125.05500030517578,126.61000061035156,4446000,126.61000061035156,138.70000076293945,144.79999923706055,178.53250122070312,226.65499877929688,122.38999938964844
2022-02-23,128.14999389648438,120.0999984741211,127.98999786376953,120.0999984741211,4634700,120.0999984741211,136.39500045776367,141.78999710083008,175.66250228881836,224.09500122070312,117.2300033569336
2022-02-24,128.74000549316406,114.26000213623047,114.73999786376953,126.97000122070312,6998500,126.97000122070312,132.36999893188477,138.86999893188477,175.2224998474121,223.65499877929688,118.0199966430664
2022-02-25,129.05999755859375,120.0199966430664,129.0500030517578,125.31999969482422,5242600,125.31999969482422,131.00000381469727,138.86999893188477,174.7750015258789,223.65499877929688,124.27999877929688
2022-02-28,135.08999633789062,125.0999984741211,126.79000091552734,132.60000610351562,12033100,132.60000610351562,130.7025032043457,135.58500289916992,174.2974967956543,215.64500427246094,122.0199966430664
2022-03-01,136.0,122.12999725341797,128.57000732421875,122.77999877929688,11541600,122.77999877929688,129.47500228881836,135.15500259399414,169.83499908447266,207.99500274658203,116.08999633789062
2022-03-02,122.88999938964844,114.5199966430664,122.25,121.61000061035156,7224300,121.61000061035156,125.99750137329102,135.15500259399414,165.73500061035156,203.89500427246094,114.31999969482422
2022-03-03,122.05999755859375,111.94999694824219,122.0,113.11000061035156,6211500,113.11000061035156,123.9749984741211,134.0,165.73500061035156,203.89500427246094,110.9000015258789
2022-03-04,116.19000244140625,108.43000030517578,114.0999984741211,108.94000244140625,6219300,108.94000244140625,122.21500015258789,132.2400016784668,163.3474998474121,203.88500213623047,109.05000305175781
2022-03-07,115.23999786376953,107.72000122070312,111.12999725341797,107.87999725341797,6240200,107.87999725341797,121.86000061035156,131.88500213623047,159.43999862670898,202.5250015258789,106.58000183105469
2022-03-08,114.29000091552734,105.0,106.66999816894531,108.48999786376953,5581800,108.48999786376953,120.5,130.5250015258789,158.28249740600586,201.79000091552734,114.88999938964844
2022-03-09,111.83999633789062,108.05999755859375,111.83999633789062,109.08000183105469,6427500,109.08000183105469,120.5,130.5250015258789,156.5724983215332,201.79000091552734,110.30999755859375
2022-03-10,106.9000015258789,101.05500030517578,105.83499908447266,103.33000183105469,5030800,103.33000183105469,118.52750015258789,128.5525016784668,156.4474983215332,200.44499969482422,105.73999786376953
2022-03-11,103.48999786376953,97.9000015258789,103.4800033569336,98.12000274658203,6454600,98.12000274658203,116.95000076293945,125.29500198364258,154.80500030517578,199.96500396728516,111.18000030517578
2022-03-14,102.16000366210938,94.51000213623047,97.5,94.63999938964844,6715700,94.63999938964844,108.70000076293945,123.60000228881836,154.5900001525879,199.96500396728516,103.69999694824219
2022-03-15,100.59500122070312,95.26000213623047,96.08999633789062,98.97000122070312,7001700,98.97000122070312,108.28499984741211,123.60000228881836,154.5900001525879,193.1999969482422,100.94999694824219
2022-03-16,106.87999725341797,100.16999816894531,100.55000305175781,106.83999633789062,8003000,106.83999633789062,105.35000228881836,123.60000228881836,154.2652473449707,185.33499908447266,100.16999816894531
2022-03-17,111.33000183105469,105.0,106.45999908447266,111.29000091552734,4967500,111.29000091552734,104.875,123.60000228881836,152.5900001525879,185.33499908447266,102.44000244140625
2022-03-18,117.83999633789062,109.20999908447266,109.48999786376953,116.27999877929688,8521800,116.27999877929688,106.17499923706055,123.60000228881836,152.27999877929688,185.33499908447266,98.36000061035156
2022-03-21,119.88999938964844,113.3499984741211,115.01000213623047,116.87000274658203,5941500,116.87000274658203,107.20000076293945,122.49499893188477,152.83499908447266,178.05249786376953,97.62000274658203
2022-03-22,122.23999786376953,115.4000015258789,116.01000213623047,119.80000305175781,5003100,119.80000305175781,108.375,121.12500381469727,152.38750076293945,178.05249786376953,102.55999755859375
2022-03-23,120.2699966430664,115.94999694824219,117.21499633789062,116.80999755859375,3443300,116.80999755859375,108.375,120.8275032043457,152.08499908447266,173.0999984741211,99.56999969482422
2022-03-24,117.77999877929688,113.97000122070312,117.3499984741211,117.75,3332000,117.75,108.375,119.60000228881836,151.05249786376953,169.95999908447266,104.79000091552734
2022-03-25,117.58000183105469,112.44999694824219,117.12999725341797,113.93000030517578,4209400,113.93000030517578,108.75,116.12250137329102,150.92124938964844,169.95999908447266,103.52999877929688
2022-03-28,118.30999755859375,113.62999725341797,114.87000274658203,117.44999694824219,3289300,117.44999694824219,111.20499801635742,115.25500106811523,147.61249542236328,167.0749969482422,108.9800033569336
2022-03-29,126.52999877929688,119.97699737548828,119.97699737548828,126.26000213623047,4757100,126.26000213623047,115.76499938964844,115.25500106811523,143.125,164.9650001525879,100.83999633789062
2022-03-30,127.37000274658203,121.2300033569336,124.26000213623047,122.38999938964844,3987800,122.38999938964844,118.29000091552734,115.25500106811523,141.75,164.9650001525879,96.37999725341797
2022-03-31,122.80999755859375,117.16000366210938,122.75,117.2300033569336,2903100,117.2300033569336,119.90999984741211,115.25500106811523,139.09249877929688,162.6599998474121,92.33999633789062
2022-04-01,120.49600219726562,116.11000061035156,117.55999755859375,118.0199966430664,2793300,118.0199966430664,119.90999984741211,115.25500106811523,135.61999893188477,159.7400016784668,90.68000030517578
2022-04-04,124.98999786376953,118.33000183105469,119.38999938964844,124.27999877929688,3077400,124.27999877929688,119.90999984741211,115.25500106811523,134.93500137329102,159.7400016784668,84.80000305175781
2022-04-05,126.44000244140625,120.43000030517578,123.91999816894531,122.0199966430664,4906500,122.0199966430664,119.90999984741211,115.25500106811523,133.1437530517578,159.7400016784668,84.97000122070312
2022-04-06,118.55999755859375,113.33999633789062,118.02999877929688,116.08999633789062,5161500,116.08999633789062,119.90999984741211,110.94000244140625,132.31500244140625,159.7400016784668,94.83999633789062
2022-04-07,118.12000274658203,111.33000183105469,115.13999938964844,114.31999969482422,3498000,114.31999969482422,119.35000228881836,110.94000244140625,130.57625198364258,159.7400016784668,88.91999816894531
2022-04-08,113.2699966430664,109.38800048828125,112.37000274658203,110.9000015258789,3953300,110.9000015258789,118.37900161743164,110.94000244140625,128.98749923706055,158.58499908447266,90.94000244140625
2022-04-11,111.11000061035156,106.41200256347656,107.91000366210938,109.05000305175781,3902800,109.05000305175781,116.8910026550293,110.94000244140625,127.22750091552734,156.82500076293945,84.69000244140625
2022-04-12,114.69999694824219,106.23999786376953,111.69000244140625,106.58000183105469,3249600,106.58000183105469,116.34000015258789,110.94000244140625,126.87250137329102,154.125,90.94000244140625
2022-04-13,115.82499694824219,105.16000366210938,106.30000305175781,114.88999938964844,4677800,114.88999938964844,115.80000305175781,110.94000244140625,125.51250076293945,152.625,89.73999786376953
2022-04-14,114.66000366210938,110.13999938964844,114.66000366210938,110.30999755859375,4499600,110.30999755859375,115.80000305175781,110.94000244140625,125.51250076293945,149.2050018310547,89.33000183105469
2022-04-18,109.93000030517578,103.62000274658203,109.7300033569336,105.73999786376953,4152500,105.73999786376953,115.03000259399414,110.94000244140625,123.54000091552734,146.98250198364258,94.33999633789062
2022-04-19,112.33000183105469,104.07499694824219,105.44000244140625,111.18000030517578,3289400,111.18000030517578,111.09000015258789,110.94000244140625,121.12250137329102,145.40500259399414,102.33999633789062
2022-04-20,109.91000366210938,103.4000015258789,109.52999877929688,103.69999694824219,4512100,103.69999694824219,110.76000213623047,111.31500244140625,116.1500015258789,143.71000289916992,107.0
2022-04-21,108.48999786376953,100.55000305175781,105.19999694824219,100.94999694824219,4395300,100.94999694824219,108.1875,113.77000045776367,115.94250106811523,143.71000289916992,110.41999816894531
2022-04-22,104.98999786376953,99.30000305175781,101.15499877929688,100.16999816894531,3784400,100.16999816894531,107.5625,113.33500289916992,114.47500228881836,143.06049728393555,107.44999694824219
2022-04-25,103.08999633789062,98.9000015258789,99.51000213623047,102.44000244140625,2724200,102.44000244140625,107.36249923706055,113.13500213623047,114.23750114440918,139.71000289916992,107.6500015258789
2022-04-26,101.68000030517578,96.0,100.75,98.36000061035156,3786000,98.36000061035156,105.9124984741211,111.68500137329102,114.88750076293945,139.0900001525879,112.23999786376953
2022-04-27,102.04000091552734,97.2969970703125,97.69000244140625,97.62000274658203,3522700,97.62000274658203,105.33000183105469,111.68500137329102,114.84749984741211,139.0900001525879,109.41999816894531
2022-04-28,103.91999816894531,95.72000122070312,98.0999984741211,102.55999755859375,3585200,102.55999755859375,104.0250015258789,111.54500198364258,114.75000190734863,138.19500350952148,111.01000213623047
2022-04-29,107.83999633789062,99.3949966430664,102.66999816894531,99.56999969482422,3609000,99.56999969482422,104.0250015258789,111.54500198364258,114.60125160217285,137.5900001525879,115.04000091552734
2022-05-02,105.08000183105469,98.16999816894531,99.1500015258789,104.79000091552734,3164700,104.79000091552734,102.81500244140625,111.54500198364258,113.98750114440918,137.20499801635742,115.45999908447266
2022-05-03,106.98999786376953,102.12999725341797,104.11000061035156,103.52999877929688,2103200,103.52999877929688,102.10499954223633,111.54500198364258,112.43625068664551,137.20499801635742,110.4000015258789
2022-05-04,109.33999633789062,99.30000305175781,103.95999908447266,108.9800033569336,3751000,108.9800033569336,102.52999877929688,111.54500198364258,113.22999954223633,137.20499801635742,109.06999969482422
2022-05-05,107.36000061035156,99.31999969482422,107.12999725341797,100.83999633789062,3661600,100.83999633789062,102.52999877929688,111.54500198364258,115.51000022888184,132.45000076293945,103.31999969482422
2022-05-06,102.02999877929688,94.01000213623047,100.48999786376953,96.37999725341797,4635500,96.37999725341797,101.67499923706055,110.22500228881836,116.77250099182129,129.70000076293945,106.86000061035156
2022-05-09,96.83000183105469,91.6500015258789,94.05000305175781,92.33999633789062,5766300,92.33999633789062,100.49499893188477,109.04500198364258,117.58250045776367,128.99499893188477,112.93000030517578
2022-05-10,98.06999969482422,87.33999633789062,95.5999984741211,90.68000030517578,6315100,90.68000030517578,98.33999633789062,106.88999938964844,117.58250045776367,128.99499893188477,106.08999633789062
2022-05-11,94.16000366210938,84.16999816894531,88.93000030517578,84.80000305175781,6182600,84.80000305175781,96.75499725341797,105.30500030517578,117.58250045776367,128.99499893188477,110.0
2022-05-12,87.79000091552734,79.02999877929688,81.12999725341797,84.97000122070312,7178800,84.97000122070312,94.18499755859375,98.79499816894531,117.58250045776367,125.71000289916992,113.81999969482422
2022-05-13,95.62799835205078,88.25399780273438,88.72000122070312,94.83999633789062,5687600,94.83999633789062,94.18499755859375,98.57500076293945,115.42500114440918,125.28000259399414,115.16999816894531
2022-05-16,95.83000183105469,88.66000366210938,93.43000030517578,88.91999816894531,4501300,88.91999816894531,94.18499755859375,97.42749786376953,115.1450023651123,125.28000259399414,117.66999816894531
2022-05-17,95.0999984741211,86.40899658203125,91.36000061035156,90.94000244140625,4208800,90.94000244140625,93.19499969482422,97.42749786376953,114.65950202941895,125.28000259399414,122.63999938964844
2022-05-18,91.11000061035156,84.04000091552734,88.68000030517578,84.69000244140625,3854200,84.69000244140625,90.52999877929688,97.42749786376953,113.91550254821777,125.28000259399414,119.81999969482422
2022-05-19,93.48999786376953,84.68499755859375,85.73999786376953,90.94000244140625,4746900,90.94000244140625,88.54999923706055,97.42749786376953,113.64000129699707,125.28000259399414,113.12999725341797
2022-05-20,94.8499984741211,85.55000305175781,92.62000274658203,89.73999786376953,4741400,89.73999786376953,88.54999923706055,96.84500122070312,113.37000274658203,125.28000259399414,111.87000274658203
2022-05-23,90.25,85.56999969482422,89.87000274658203,89.33000183105469,11240300,89.33000183105469,87.43000030517578,95.68000030517578,113.37000274658203,125.28000259399414,107.97000122070312
2022-05-24,97.08999633789062,87.33000183105469,94.55999755859375,94.33999633789062,27414900,94.33999633789062,88.05999755859375,95.68000030517578,112.9850025177002,125.28000259399414,110.97000122070312
2022-05-25,104.26599884033203,94.0,94.13999938964844,102.33999633789062,13892000,102.33999633789062,94.15299987792969,94.47000122070312,111.01500129699707,123.60000228881836,120.41999816894531
2022-05-26,108.16999816894531,101.7699966430664,101.8949966430664,107.0,10633600,107.0,96.10499954223633,94.18499755859375,111.03750228881836,123.60000228881836,117.05999755859375
2022-05-27,111.23999786376953,105.55000305175781,108.0,110.41999816894531,7097100,110.41999816894531,97.63999938964844,95.1349983215332,110.97875022888184,123.60000228881836,120.73999786376953
2022-05-31,112.87000274658203,105.58000183105469,112.63999938964844,107.44999694824219,5930200,107.44999694824219,98.45500183105469,95.95000076293945,110.44875144958496,123.60000228881836,119.80000305175781
2022-06-01,110.88999938964844,104.91999816894531,107.95999908447266,107.6500015258789,4700800,107.6500015258789,98.77750015258789,95.95000076293945,110.24875068664551,123.60000228881836,108.37999725341797
2022-06-02,114.08000183105469,107.02999877929688,107.43000030517578,112.23999786376953,4985900,112.23999786376953,99.81500244140625,96.55500030517578,108.79874992370605,123.60000228881836,107.98999786376953
2022-06-03,111.80000305175781,107.30000305175781,109.66000366210938,109.41999816894531,3882100,109.41999816894531,99.82500076293945,96.55500030517578,108.50750160217285,122.49499893188477,101.01000213623047
2022-06-06,112.91000366210938,108.51000213623047,112.33000183105469,111.01000213623047,2867500,111.01000213623047,100.70500183105469,96.55500030517578,107.78500175476074,121.12500381469727,97.3499984741211
2022-06-07,115.31999969482422,109.05000305175781,110.5,115.04000091552734,3951900,115.04000091552734,104.65999984741211,97.17499923706055,107.78500175476074,120.8275032043457,99.8499984741211
2022-06-08,116.9000015258789,113.16000366210938,115.4000015258789,115.45999908447266,3583900,115.45999908447266,109.33499908447266,97.96500015258789,107.18000221252441,119.60000228881836,98.91999816894531
2022-06-09,116.16999816894531,110.33999633789062,112.16999816894531,110.4000015258789,4302600,110.4000015258789,110.90999984741211,97.96500015258789,106.82500076293945,116.12250137329102,102.08000183105469
2022-06-10,110.98999786376953,106.12000274658203,106.93399810791016,109.06999969482422,5768900,109.06999969482422,110.90999984741211,97.96500015258789,107.03750038146973,115.25500106811523,107.08999633789062
2022-06-13,106.37999725341797,102.12000274658203,102.81999969482422,103.31999969482422,7183900,103.31999969482422,109.51000213623047,97.96500015258789,107.03750038146973,115.25500106811523,110.8499984741211
2022-06-14,109.8499984741211,103.77999877929688,103.9000015258789,106.86000061035156,6815000,106.86000061035156,109.51000213623047,97.96500015258789,105.95000076293945,115.00500106811523,106.55000305175781
2022-06-15,114.7300033569336,106.12999725341797,107.5,112.93000030517578,5954500,112.93000030517578,109.51000213623047,97.96500015258789,104.77000045776367,113.82500076293945,106.0999984741211
2022-06-16,109.6500015258789,104.1500015258789,108.0999984741211,106.08999633789062,4714600,106.08999633789062,109.51000213623047,97.96500015258789,102.61499786376953,111.66999816894531,100.33000183105469
2022-06-17,111.91999816894531,106.39299774169922,107.09500122070312,110.0,6143400,110.0,109.51000213623047,97.96500015258789,101.02999877929688,110.08499908447266,105.91000366210938
2022-06-21,117.37000274658203,110.86000061035156,112.1500015258789,113.81999969482422,6176200,113.81999969482422,109.74500274658203,100.70500183105469,96.48999786376953,107.51499938964844,106.22000122070312
2022-06-22,119.52999877929688,111.7699966430664,112.02999877929688,115.16999816894531,5481800,115.16999816894531,110.82500076293945,101.78499984741211,96.3799991607666,103.20000076293945,103.86000061035156
2022-06-23,118.4000015258789,110.66999816894531,116.23999786376953,117.66999816894531,5464400,117.66999816894531,110.82500076293945,101.78499984741211,95.80624771118164,103.20000076293945,105.38999938964844
2022-06-24,122.98999786376953,118.12000274658203,118.80999755859375,122.63999938964844,12212800,122.63999938964844,112.55500030517578,103.51499938964844,95.31124877929688,103.20000076293945,108.16000366210938
2022-06-27,123.7300033569336,117.68000030517578,122.4800033569336,119.81999969482422,3457200,119.81999969482422,113.75500106811523,104.20750045776367,93.9787483215332,103.20000076293945,112.97000122070312
2022-06-28,122.08499908447266,112.86000061035156,119.81999969482422,113.12999725341797,3692500,113.12999725341797,113.94000244140625,104.6400032043457,92.98874855041504,103.20000076293945,112.86000061035156
2022-06-29,113.72000122070312,110.04000091552734,112.93000030517578,111.87000274658203,2711800,111.87000274658203,113.94000244140625,104.6500015258789,92.69750022888184,103.20000076293945,113.8499984741211
2022-06-30,111.0,104.77999877929688,110.0,107.97000122070312,4249600,107.97000122070312,114.25500106811523,105.53000259399414,91.55500030517578,103.20000076293945,114.73999786376953
2022-07-01,111.97899627685547,106.83000183105469,108.7699966430664,110.97000122070312,2800300,110.97000122070312,114.25500106811523,108.8650016784668,91.86999893188477,103.20000076293945,105.29000091552734
2022-07-05,120.75,108.41000366210938,110.55999755859375,120.41999816894531,5310000,120.41999816894531,114.25500106811523,112.75,94.3115005493164,103.20000076293945,112.01000213623047
2022-07-06,123.95999908447266,116.56999969482422,120.68000030517578,117.05999755859375,4198100,117.05999755859375,114.36999893188477,113.04000091552734,95.14499855041504,103.20000076293945,108.05999755859375
2022-07-07,121.26000213623047,116.33000183105469,116.5,120.73999786376953,3036600,120.73999786376953,114.36999893188477,113.04000091552734,96.38749885559082,103.20000076293945,109.5199966430664
2022-07-08,124.05000305175781,117.66000366210938,118.62000274658203,119.80000305175781,3261700,119.80000305175781,114.41500091552734,113.08500289916992,97.20250129699707,103.20000076293945,113.2300033569336
2022-07-11,117.54000091552734,107.7300033569336,117.16000366210938,108.37999725341797,5461800,108.37999725341797,114.41500091552734,113.08500289916992,97.36375045776367,103.20000076293945,109.19000244140625
2022-07-12,113.5999984741211,106.91000366210938,109.79000091552734,107.98999786376953,4205100,107.98999786376953,114.41500091552734,113.08500289916992,98.18500137329102,103.20000076293945,102.37999725341797
2022-07-13,105.4000015258789,99.80000305175781,103.63500213623047,101.01000213623047,7903000,101.01000213623047,111.92500305175781,111.92500305175781,98.19000053405762,103.20000076293945,103.18000030517578
2022-07-14,101.44000244140625,96.83999633789062,101.3499984741211,97.3499984741211,5552600,97.3499984741211,110.44499969482422,110.44499969482422,98.63000106811523,103.20000076293945,99.5
2022-07-15,99.97000122070312,96.11000061035156,97.86000061035156,99.8499984741211,4714400,99.8499984741211,110.08000183105469,110.08000183105469,100.91749954223633,103.20000076293945,97.44000244140625
2022-07-18,102.18000030517578,98.48999786376953,101.9800033569336,98.91999816894531,6516500,98.91999816894531,110.08000183105469,110.08000183105469,103.64999961853027,103.20000076293945,81.31999969482422
2022-07-19,102.21900177001953,97.6500015258789,100.4000015258789,102.08000183105469,2829500,102.08000183105469,110.08000183105469,110.08000183105469,104.4375,103.20000076293945,83.61000061035156
2022-07-20,109.87000274658203,103.375,103.48999786376953,107.08999633789062,4298100,107.08999633789062,110.08000183105469,110.08000183105469,104.4375,103.20000076293945,85.72000122070312
2022-07-21,111.2699966430664,107.30000305175781,107.5,110.8499984741211,2982100,110.8499984741211,106.82500076293945,110.08000183105469,103.73750114440918,103.20000076293945,81.41000366210938
2022-07-22,112.94999694824219,105.69000244140625,111.0,106.55000305175781,2656800,106.55000305175781,104.85499954223633,110.08000183105469,103.73750114440918,102.73500061035156,81.0
2022-07-25,106.95999908447266,103.91000366210938,106.38999938964844,106.0999984741211,2039800,106.0999984741211,104.52999877929688,110.08000183105469,103.73750114440918,102.73500061035156,81.41999816894531
2022-07-26,105.12999725341797,100.01000213623047,105.02999877929688,100.33000183105469,2878200,100.33000183105469,104.52999877929688,110.08000183105469,103.73750114440918,102.73500061035156,80.4000015258789
2022-07-27,106.45999908447266,100.55000305175781,102.16000366210938,105.91000366210938,3182800,105.91000366210938,104.52999877929688,110.08000183105469,103.73750114440918,102.73500061035156,81.13999938964844
2022-07-28,106.9020004272461,100.80999755859375,104.45999908447266,106.22000122070312,2380000,106.22000122070312,105.29999923706055,110.08000183105469,105.22500228881836,98.79499816894531,80.79000091552734
2022-07-29,105.48500061035156,101.01000213623047,105.48500061035156,103.86000061035156,3975900,103.86000061035156,105.29999923706055,110.08000183105469,106.30500030517578,99.27999877929688,80.0199966430664
2022-08-01,107.91999816894531,101.8499984741211,103.37999725341797,105.38999938964844,2386200,105.38999938964844,106.47999954223633,110.08000183105469,106.30500030517578,99.27999877929688,81.0199966430664
2022-08-02,109.9800033569336,102.9000015258789,103.04000091552734,108.16000366210938,2519900,108.16000366210938,106.47999954223633,110.08000183105469,108.03499984741211,101.0099983215332,80.2300033569336
2022-08-03,114.0,109.22000122070312,109.30999755859375,112.97000122070312,2653500,112.97000122070312,107.00500106811523,110.08000183105469,108.98125076293945,101.38000106811523,82.62000274658203
2022-08-04,115.0,110.13999938964844,114.06999969482422,112.86000061035156,2149800,112.86000061035156,107.50500106811523,110.08000183105469,109.29000282287598,101.38000106811523,84.08000183105469
2022-08-05,114.31999969482422,108.73999786376953,110.0,113.8499984741211,2639900,113.8499984741211,107.50500106811523,110.08000183105469,109.29500198364258,101.38000106811523,78.86000061035156
2022-08-08,119.81999969482422,113.81999969482422,114.7699966430664,114.73999786376953,2832500,114.73999786376953,110.18500137329102,110.08000183105469,109.89250183105469,101.38000106811523,79.58999633789062
2022-08-09,112.80400085449219,104.91000366210938,111.77999877929688,105.29000091552734,5822800,105.29000091552734,110.31499862670898,110.08000183105469,111.56000137329102,101.38000106811523,80.20999908447266
2022-08-10,112.41999816894531,108.80000305175781,111.3499984741211,112.01000213623047,3756600,112.01000213623047,110.41500091552734,110.08000183105469,113.50250053405762,101.38000106811523,78.68000030517578
2022-08-11,114.98999786376953,107.23999786376953,114.0,108.05999755859375,4067800,108.05999755859375,110.83499908447266,110.08000183105469,113.70499992370605,101.49499893188477,78.31999969482422
2022-08-12,110.08999633789062,107.27999877929688,109.41000366210938,109.5199966430664,2488900,109.5199966430664,111.36000061035156,110.08000183105469,113.70499992370605,101.49499893188477,77.08999633789062
2022-08-15,113.79000091552734,108.3499984741211,109.41000366210938,113.2300033569336,2737400,113.2300033569336,112.3650016784668,107.96500015258789,113.75000190734863,101.54000091552734,75.94000244140625
2022-08-16,109.93000030517578,103.31999969482422,107.81500244140625,109.19000244140625,7520100,109.19000244140625,111.56999969482422,107.96500015258789,113.75000190734863,101.54000091552734,74.54000091552734
2022-08-17,107.3499984741211,102.0199966430664,106.22000122070312,102.37999725341797,4257200,102.37999725341797,110.91999816894531,107.96500015258789,113.75000190734863,101.54000091552734,74.44999694824219
2022-08-18,104.56999969482422,100.63999938964844,101.76000213623047,103.18000030517578,3091700,103.18000030517578,110.22999954223633,107.96500015258789,111.92500305175781,101.54000091552734,73.33000183105469
2022-08-19,102.1500015258789,98.80000305175781,100.9000015258789,99.5,3747900,99.5,106.89500045776367,107.96500015258789,110.44499969482422,101.54000091552734,74.26000213623047
2022-08-22,100.13999938964844,96.4800033569336,98.19999694824219,97.44000244140625,8274100,97.44000244140625,105.73500061035156,108.1500015258789,110.08000183105469,101.54000091552734,75.88999938964844
2022-08-23,87.58999633789062,81.12999725341797,84.55999755859375,81.31999969482422,31475400,81.31999969482422,98.05999755859375,100.4749984741211,110.08000183105469,101.54000091552734,74.47000122070312
2022-08-24,85.06999969482422,80.5,81.63999938964844,83.61000061035156,11133300,83.61000061035156,97.14500045776367,100.15999984741211,110.08000183105469,101.54000091552734,73.58999633789062
2022-08-25,85.76000213623047,82.43000030517578,83.5999984741211,85.72000122070312,5409700,85.72000122070312,97.14500045776367,100.15999984741211,110.08000183105469,101.54000091552734,73.94000244140625
2022-08-26,85.0199966430664,80.27999877929688,84.1500015258789,81.41000366210938,5927400,81.41000366210938,95.10499954223633,100.04999923706055,108.45250129699707,101.54000091552734,77.54000091552734
2022-08-29,82.94999694824219,80.12000274658203,80.37000274658203,81.0,5211000,81.0,93.73500061035156,99.97000122070312,107.46750068664551,101.54000091552734,77.5199966430664
2022-08-30,82.75,79.81999969482422,82.0,81.41999816894531,4142500,81.41999816894531,92.19499969482422,99.81999969482422,107.30500030517578,101.54000091552734,78.3499984741211
2022-08-31,83.47000122070312,79.33999633789062,82.96800231933594,80.4000015258789,4838000,80.4000015258789,90.74499893188477,99.57999801635742,107.30500030517578,101.54000091552734,76.58999633789062
2022-09-01,81.23999786376953,77.79000091552734,79.29000091552734,81.13999938964844,6795400,81.13999938964844,88.96500015258789,98.80500030517578,107.30500030517578,101.54000091552734,73.72000122070312
2022-09-02,83.30999755859375,80.05000305175781,82.01000213623047,80.79000091552734,4568800,80.79000091552734,82.68999862670898,98.80500030517578,107.69000053405762,104.04500198364258,73.70999908447266
2022-09-06,81.08000183105469,79.56999969482422,80.55999755859375,80.0199966430664,3576100,80.0199966430664,81.7750015258789,98.80500030517578,107.69000053405762,104.04500198364258,75.22000122070312
2022-09-07,81.36000061035156,79.33999633789062,79.95999908447266,81.0199966430664,4329600,81.0199966430664,81.7750015258789,98.80500030517578,108.28000068664551,104.04500198364258,74.7300033569336
2022-09-08,81.47000122070312,79.4000015258789,80.23999786376953,80.2300033569336,3674700,80.2300033569336,81.40499877929688,98.80500030517578,108.28000068664551,104.04500198364258,72.29000091552734
2022-09-09,83.69999694824219,81.54000091552734,81.58999633789062,82.62000274658203,3964000,82.62000274658203,80.74499893188477,98.80500030517578,108.54250144958496,104.36750030517578,76.69000244140625
2022-09-12,84.77999877929688,82.43000030517578,82.43000030517578,84.08000183105469,3928900,84.08000183105469,81.28499984741211,98.80500030517578,108.79250144958496,104.80000305175781,78.2300033569336
2022-09-13,80.1500015258789,78.62000274658203,80.0,78.86000061035156,4654500,78.86000061035156,81.28499984741211,98.80500030517578,108.79250144958496,104.81000137329102,76.33000183105469
2022-09-14,80.41000366210938,77.93000030517578,78.86000061035156,79.58999633789062,4196500,79.58999633789062,81.28499984741211,96.38999938964844,110.13250160217285,105.69000244140625,79.95999908447266
2022-09-15,81.97000122070312,78.26000213623047,78.63999938964844,80.20999908447266,4247500,80.20999908447266,81.35499954223633,96.38999938964844,110.19750022888184,109.0250015258789,80.9800033569336
2022-09-16,79.2300033569336,77.33000183105469,78.13999938964844,78.68000030517578,6148600,78.68000030517578,81.05500030517578,96.15999984741211,110.24750137329102,110.08000183105469,80.61000061035156
2022-09-19,79.0,76.75,78.05999755859375,78.31999969482422,4515000,78.31999969482422,80.76499938964844,95.27000045776367,110.45750045776367,110.08000183105469,84.08999633789062
2022-09-20,78.83999633789062,76.76000213623047,77.44999694824219,77.08999633789062,3157800,77.08999633789062,80.76499938964844,95.27000045776367,110.72000122070312,110.08000183105469,83.37000274658203
2022-09-21,78.83000183105469,75.31999969482422,77.83000183105469,75.94000244140625,3274100,75.94000244140625,80.04999923706055,92.625,110.16500091552734,110.08000183105469,82.61000061035156
2022-09-22,75.7699966430664,74.33000183105469,75.0,74.54000091552734,4116200,74.54000091552734,79.55500030517578,90.84000015258789,109.76749992370605,110.08000183105469,84.20999908447266
2022-09-23,74.94999694824219,73.32099914550781,74.16000366210938,74.44999694824219,3942300,74.44999694824219,77.64550018310547,88.94549942016602,109.4424991607666,110.08000183105469,83.47699737548828
2022-09-26,76.87000274658203,73.23999786376953,74.81999969482422,73.33000183105469,3068800,73.33000183105469,77.60499954223633,87.69499969482422,109.09749984741211,110.08000183105469,
2022-09-27,75.98999786376953,72.95999908447266,74.9000015258789,74.26000213623047,3576500,74.26000213623047,77.46500015258789,86.54999923706055,107.43000030517578,110.08000183105469,
2022-09-28,76.2249984741211,74.05000305175781,74.30999755859375,75.88999938964844,2856700,75.88999938964844,76.09500122070312,80.27499771118164,106.94250106811523,110.08000183105469,
2022-09-29,75.22000122070312,73.5999984741211,74.2699966430664,74.47000122070312,2930400,74.47000122070312,75.97999954223633,79.36000061035156,99.26749801635742,102.59000015258789,
2022-09-30,76.25,73.4800033569336,74.5999984741211,73.58999633789062,3536000,73.58999633789062,75.89999771118164,79.36000061035156,98.65250015258789,102.2750015258789,
2022-10-03,74.87000274658203,71.69000244140625,73.91000366210938,73.94000244140625,4182000,73.94000244140625,75.26000213623047,78.35499954223633,98.65250015258789,102.2750015258789,
2022-10-04,78.44999694824219,75.73400115966797,75.83000183105469,77.54000091552734,4703000,77.54000091552734,75.06999969482422,78.23500061035156,97.57749938964844,102.16500091552734,
2022-10-05,77.87000274658203,74.95999908447266,75.58000183105469,77.5199966430664,2604500,77.5199966430664,75.06999969482422,78.23500061035156,96.85250091552734,102.08500289916992,
2022-10-06,79.0,76.95999908447266,77.7300033569336,78.3499984741211,2185800,78.3499984741211,75.34500122070312,78.23500061035156,96.00749969482422,101.93500137329102,
2022-10-07,78.33000183105469,75.36000061035156,75.63999938964844,76.58999633789062,4463200,76.58999633789062,75.34500122070312,78.23500061035156,95.1624984741211,101.69499969482422,
2022-10-10,76.19599914550781,72.29000091552734,75.98999786376953,73.72000122070312,4777500,73.72000122070312,75.34500122070312,78.23500061035156,93.88500022888184,100.92000198364258,
2022-10-11,74.55000305175781,70.43499755859375,71.45999908447266,73.70999908447266,5389700,73.70999908447266,74.71749877929688,77.60749816894531,90.74749946594238,100.92000198364258,
2022-10-12,76.55000305175781,73.4000015258789,74.29000091552734,75.22000122070312,3941000,75.22000122070312,74.71749877929688,77.60749816894531,90.29000091552734,100.92000198364258,
2022-10-13,75.41999816894531,71.6500015258789,71.6500015258789,74.7300033569336,5754500,74.7300033569336,74.71749877929688,77.60749816894531,90.29000091552734,100.92000198364258,
2022-10-14,76.9000015258789,72.13999938964844,75.75,72.29000091552734,2830800,72.29000091552734,74.71749877929688,77.60749816894531,90.10499954223633,100.92000198364258,
2022-10-17,77.43000030517578,74.51000213623047,75.06400299072266,76.69000244140625,3431600,76.69000244140625,74.71749877929688,77.60749816894531,89.77499961853027,100.92000198364258,
2022-10-18,80.77999877929688,77.33000183105469,79.5199966430664,78.2300033569336,3539400,78.2300033569336,75.60749816894531,76.20249938964844,90.04500007629395,100.92000198364258,
2022-10-19,78.04000091552734,75.58999633789062,77.5199966430664,76.33000183105469,1955800,76.33000183105469,75.60749816894531,76.20249938964844,90.04500007629395,100.92000198364258,
2022-10-20,81.5,76.58000183105469,76.66999816894531,79.95999908447266,4156900,79.95999908447266,75.96749877929688,76.20249938964844,88.83749961853027,100.92000198364258,
2022-10-21,81.0999984741211,77.5999984741211,79.63999938964844,80.9800033569336,3307300,80.9800033569336,75.96749877929688,75.96749877929688,88.87249946594238,100.92000198364258,
2022-10-24,80.66000366210938,78.18000030517578,80.4000015258789,80.61000061035156,2731600,80.61000061035156,76.57500076293945,75.96749877929688,88.60750007629395,100.69000244140625,
2022-10-25,84.12999725341797,81.45999908447266,81.54000091552734,84.08999633789062,2992300,84.08999633789062,77.88999938964844,77.28249740600586,88.01749992370605,100.4000015258789,
2022-10-26,85.45999908447266,82.19000244140625,82.3499984741211,83.37000274658203,2599700,83.37000274658203,78.79999923706055,77.9474983215332,88.01749992370605,100.4000015258789,
2022-10-27,85.02999877929688,82.47000122070312,83.68000030517578,82.61000061035156,2579400,82.61000061035156,79.98500061035156,77.9474983215332,86.33749961853027,97.56999969482422,
2022-10-28,84.24500274658203,81.31999969482422,81.73500061035156,84.20999908447266,2369100,84.20999908447266,80.52499771118164,77.9474983215332,85.19750022888184,97.07500076293945,
2022-10-31,84.57499694824219,82.33999633789062,83.69000244140625,83.47699737548828,1075940,83.47699737548828,80.52499771118164,77.9474983215332,83.29549980163574,96.57049942016602,
