Date,High,Low,Open,Close,Volume,Adj Close,tenkan_sen,kijun_sen,senkou_span_a,senkou_span_b,chikou_span
2021-10-27,205.50999450683594,201.22999572753906,205.25,202.02999877929688,541900.0,199.3887481689453,,,,,211.1199951171875
2021-10-28,207.0500030517578,202.02999877929688,202.02999877929688,205.80999755859375,370400.0,203.11932373046875,,,,,210.24000549316406
2021-10-29,207.02999877929688,202.11000061035156,205.50999450683594,203.22999572753906,343600.0,200.5730438232422,,,,,214.27000427246094
2021-11-01,205.64999389648438,203.5500030517578,203.91000366210938,204.77999877929688,231200.0,202.102783203125,,,,,214.6999969482422
2021-11-02,205.1300048828125,201.07000732421875,205.0,205.0800018310547,469400.0,202.39886474609375,,,,,214.3300018310547
2021-11-03,211.0800018310547,204.24000549316406,204.5,211.02999877929688,284900.0,208.2710723876953,,,,,217.4499969482422
2021-11-04,211.60000610351562,207.86000061035156,211.0,209.60000610351562,232700.0,206.8597869873047,,,,,213.19000244140625
2021-11-05,218.58999633789062,209.7100067138672,213.13999938964844,212.00999450683594,554700.0,209.23826599121094,,,,,212.88999938964844
2021-11-08,214.89999389648438,212.92999267578125,213.57000732421875,214.11000061035156,273900.0,211.31082153320312,209.8300018310547,,,,216.67999267578125
2021-11-09,215.13999938964844,212.9499969482422,213.3699951171875,214.85000610351562,323200.0,212.0411376953125,209.8300018310547,,,,216.8800048828125
2021-11-10,218.47000122070312,214.4499969482422,214.60000610351562,218.08999633789062,451600.0,215.23878479003906,209.8300018310547,,,,209.35000610351562
2021-11-11,220.7100067138672,217.36000061035156,218.0800018310547,220.10000610351562,366700.0,217.22251892089844,210.89000701904297,,,,204.50999450683594
2021-11-12,222.5399932861328,219.6300048828125,221.00999450683594,221.25,453600.0,218.3574676513672,211.80500030517578,,,,208.50999450683594
2021-11-15,222.5800018310547,219.7899932861328,221.72999572753906,221.67999267578125,449000.0,218.78184509277344,213.41000366210938,,,,208.17999267578125
2021-11-16,224.66000366210938,221.9199981689453,222.5399932861328,223.66000366210938,436500.0,220.7359619140625,216.26000213623047,,,,209.94000244140625
2021-11-17,224.08999633789062,216.88999938964844,223.5,217.5800018310547,552800.0,214.73545837402344,217.18500518798828,,,,213.97000122070312
2021-11-18,217.19000244140625,214.07000732421875,217.02000427246094,215.75999450683594,603900.0,214.3380889892578,218.7949981689453,,,,216.89999389648438
2021-11-19,218.6699981689453,214.74000549316406,215.72000122070312,215.64999389648438,251700.0,214.2288055419922,218.80500030517578,,,,217.38999938964844
2021-11-22,219.5,216.24000549316406,216.6999969482422,216.83999633789062,307800.0,215.4109649658203,219.36500549316406,,,,214.25
2021-11-23,217.61000061035156,213.35000610351562,216.89999389648438,217.11000061035156,317200.0,215.67919921875,219.0050048828125,,,,215.3800048828125
2021-11-24,217.00999450683594,213.92999267578125,216.86000061035156,215.42999267578125,297600.0,214.01025390625,219.0050048828125,,,,213.32000732421875
2021-11-26,212.32000732421875,208.0,210.13999938964844,211.3000030517578,242800.0,209.90748596191406,216.3300018310547,,,,220.88999938964844
2021-11-29,213.60000610351562,209.5800018310547,213.1199951171875,212.82000732421875,300100.0,211.41746520996094,216.3300018310547,,,,219.1300048828125
2021-11-30,210.27000427246094,205.33999633789062,209.94000244140625,205.91000366210938,607300.0,204.55300903320312,214.71499633789062,,,,219.74000549316406
2021-12-01,211.2899932861328,202.69000244140625,209.25,202.77000427246094,367000.0,201.43370056152344,211.09500122070312,,,,219.0399932861328
2021-12-02,211.1999969482422,203.39999389648438,204.50999450683594,210.07000732421875,271500.0,208.6855926513672,211.09500122070312,212.86500549316406,,,217.69000244140625
2021-12-03,211.9499969482422,209.0800018310547,210.72000122070312,211.1199951171875,211900.0,209.72866821289062,211.09500122070312,212.86500549316406,,,216.4499969482422
2021-12-06,214.52999877929688,209.9600067138672,213.97000122070312,210.24000549316406,347000.0,208.85447692871094,210.1500015258789,212.86500549316406,,,218.86000061035156
2021-12-07,215.13999938964844,211.2100067138672,211.52999877929688,214.27000427246094,267100.0,212.85791015625,209.8499984741211,212.86500549316406,,,220.4600067138672
2021-12-08,215.1199951171875,212.77999877929688,215.0,214.6999969482422,413200.0,213.28506469726562,208.91500091552734,212.86500549316406,,,220.1300048828125
2021-12-09,215.67999267578125,211.82000732421875,213.4499969482422,214.3300018310547,390700.0,212.91751098632812,209.18499755859375,213.6750030517578,,,214.5500030517578
2021-12-10,218.30999755859375,214.3800048828125,215.60000610351562,217.4499969482422,296500.0,216.01695251464844,210.5,213.6750030517578,,,212.61000061035156
2021-12-13,218.0500030517578,213.05999755859375,217.74000549316406,213.19000244140625,335900.0,211.7850341796875,210.5,213.6750030517578,,,209.72000122070312
2021-12-14,214.75999450683594,209.9600067138672,212.75999450683594,212.88999938964844,442000.0,211.48699951171875,210.85499572753906,213.6750030517578,,,205.86000061035156
2021-12-15,216.89999389648438,210.80999755859375,213.5,216.67999267578125,391200.0,215.25201416015625,213.69499969482422,213.6750030517578,,,210.77999877929688
2021-12-16,222.07000732421875,215.99000549316406,218.83999633789062,216.8800048828125,446300.0,215.45071411132812,216.01500701904297,213.6750030517578,,,208.94000244140625
2021-12-17,216.2899932861328,208.67999267578125,215.3000030517578,209.35000610351562,926000.0,207.9703369140625,215.375,213.6750030517578,,,208.7100067138672
2021-12-20,207.30999755859375,201.7100067138672,207.0,204.50999450683594,392900.0,203.16221618652344,211.89000701904297,213.18500518798828,,,205.0800018310547
2021-12-21,209.5,206.0,206.0,208.50999450683594,244300.0,207.1358642578125,211.89000701904297,213.18500518798828,,,206.5399932861328
2021-12-22,209.22999572753906,207.3699951171875,208.0,208.17999267578125,138300.0,206.8080291748047,211.89000701904297,213.18500518798828,,,208.25
2021-12-23,210.89999389648438,208.6199951171875,208.82000732421875,209.94000244140625,182500.0,208.5564422607422,211.89000701904297,212.9000015258789,,,210.1999969482422
2021-12-27,214.02000427246094,208.60000610351562,209.83999633789062,213.97000122070312,233600.0,212.5598907470703,211.89000701904297,211.89000701904297,,,211.05999755859375
2021-12-28,217.5,213.08999633789062,213.08999633789062,216.89999389648438,177700.0,215.47056579589844,211.89000701904297,211.89000701904297,,,216.72999572753906
2021-12-29,218.13999938964844,214.5800018310547,216.91000366210938,217.38999938964844,146000.0,215.9573516845703,211.89000701904297,211.89000701904297,,,213.6999969482422
2021-12-30,218.42999267578125,214.17999267578125,218.0,214.25,240000.0,212.83804321289062,210.06999969482422,211.89000701904297,,,210.30999755859375
2021-12-31,216.5500030517578,212.7100067138672,213.97000122070312,215.3800048828125,182900.0,213.96060180664062,210.06999969482422,211.89000701904297,,,211.99000549316406
2022-01-03,217.16000366210938,211.13999938964844,216.92999267578125,213.32000732421875,206100.0,211.91416931152344,212.21499633789062,211.89000701904297,,,214.72999572753906
2022-01-04,221.60000610351562,215.13999938964844,215.32000732421875,220.88999938964844,329300.0,219.4342803955078,214.48500061035156,211.89000701904297,,,211.6699981689453
2022-01-05,224.44000244140625,218.67999267578125,221.60000610351562,219.1300048828125,271100.0,217.68588256835938,216.52000427246094,213.07500457763672,,,208.9199981689453
2022-01-06,222.69000244140625,218.72999572753906,221.19000244140625,219.74000549316406,198500.0,218.2918701171875,216.52000427246094,213.07500457763672,,,210.7100067138672
2022-01-07,221.1699981689453,218.4199981689453,219.30999755859375,219.0399932861328,249800.0,217.59646606445312,217.79000091552734,213.07500457763672,,,216.22000122070312
2022-01-10,219.3800048828125,216.11000061035156,217.85000610351562,217.69000244140625,246900.0,216.25537109375,217.79000091552734,213.07500457763672,211.9800033569336,,218.36000061035156
2022-01-11,219.1999969482422,212.88999938964844,218.6300048828125,216.4499969482422,301500.0,215.02354431152344,217.79000091552734,213.07500457763672,211.9800033569336,,216.33999633789062
2022-01-12,219.33999633789062,216.5,217.72000122070312,218.86000061035156,197900.0,217.41766357421875,217.79000091552734,213.07500457763672,211.50750350952148,,215.47000122070312
2022-01-13,221.8000030517578,218.72999572753906,220.52000427246094,220.4600067138672,328100.0,219.0071258544922,217.79000091552734,213.07500457763672,211.35750198364258,,208.80999755859375
2022-01-14,220.27000427246094,215.9199981689453,217.66000366210938,220.1300048828125,403600.0,218.67929077148438,218.66500091552734,213.07500457763672,210.8900032043457,,203.49000549316406
2022-01-18,218.75,212.97000122070312,218.52999877929688,214.5500030517578,329000.0,213.1360626220703,218.66500091552734,213.07500457763672,211.43000030517578,,204.9499969482422
2022-01-19,216.32000732421875,212.1999969482422,215.16000366210938,212.61000061035156,333200.0,211.20884704589844,217.44499969482422,213.07500457763672,212.0875015258789,,212.10000610351562
2022-01-20,215.14999389648438,209.57000732421875,213.27000427246094,209.72000122070312,245600.0,208.337890625,215.68500518798828,213.07500457763672,212.0875015258789,,210.17999267578125
2022-01-21,210.58999633789062,205.0800018310547,209.57000732421875,205.86000061035156,329600.0,204.50332641601562,213.44000244140625,213.07500457763672,212.26499938964844,,202.0
2022-01-24,211.10000610351562,201.77000427246094,203.17999267578125,210.77999877929688,380500.0,209.39089965820312,211.78500366210938,213.07500457763672,213.68500137329102,,209.25
2022-01-25,210.99000549316406,204.10000610351562,207.4499969482422,208.94000244140625,340300.0,207.5630340576172,211.78500366210938,213.07500457763672,214.8450050354004,,210.64999389648438
2022-01-26,214.36000061035156,206.8699951171875,210.63999938964844,208.7100067138672,287700.0,207.3345489501953,211.78500366210938,213.07500457763672,214.5250015258789,,207.5
2022-01-27,212.52000427246094,202.9199981689453,210.1999969482422,205.0800018310547,311400.0,203.7284698486328,211.02000427246094,213.1050033569336,212.53750610351562,,204.14999389648438
2022-01-28,206.72000122070312,200.11000061035156,203.83999633789062,206.5399932861328,265600.0,205.17884826660156,209.43000030517578,212.2750015258789,212.53750610351562,,206.35000610351562
2022-01-31,208.66000366210938,204.1699981689453,204.92999267578125,208.25,288500.0,206.87757873535156,208.21500396728516,212.2750015258789,212.53750610351562,,207.69000244140625
2022-02-01,210.4199981689453,205.99000549316406,207.66000366210938,210.1999969482422,385700.0,208.81472778320312,207.62999725341797,212.2750015258789,212.39500427246094,,207.02000427246094
2022-02-02,212.47000122070312,209.11000061035156,210.72999572753906,211.05999755859375,486000.0,209.6690673828125,207.23500061035156,212.2750015258789,211.89000701904297,,205.6999969482422
2022-02-03,219.5,210.0,211.57000732421875,216.72999572753906,666600.0,215.30169677734375,209.80500030517578,212.2750015258789,211.89000701904297,,204.72000122070312
2022-02-04,216.8300018310547,209.3800048828125,216.8300018310547,213.6999969482422,399100.0,212.29165649414062,209.80500030517578,212.2750015258789,211.89000701904297,,202.58999633789062
2022-02-07,214.27999877929688,209.8699951171875,214.27999877929688,210.30999755859375,373400.0,208.9239959716797,209.80500030517578,212.2750015258789,210.9800033569336,,206.22000122070312
2022-02-08,213.19000244140625,209.14999389648438,210.88999938964844,211.99000549316406,360400.0,210.5929412841797,209.80500030517578,212.2750015258789,210.9800033569336,,210.35000610351562
2022-02-09,217.32000732421875,212.66000366210938,213.27000427246094,214.72999572753906,244800.0,213.3148651123047,209.80500030517578,212.2750015258789,212.0525016784668,,213.99000549316406
2022-02-10,215.69000244140625,210.6300048828125,212.72999572753906,211.6699981689453,224100.0,210.27503967285156,211.83499908447266,212.2750015258789,213.18750381469727,,212.7899932861328
2022-02-11,214.02999877929688,207.1699981689453,212.0500030517578,208.9199981689453,425500.0,207.5431671142578,212.74500274658203,211.4000015258789,214.79750442504883,,212.57000732421875
2022-02-14,211.3000030517578,206.8300018310547,209.52999877929688,210.7100067138672,247100.0,209.32138061523438,213.16500091552734,210.9550018310547,214.79750442504883,,207.16000366210938
2022-02-15,217.92999267578125,213.5,213.5,216.22000122070312,381300.0,214.79505920410156,213.16500091552734,210.9550018310547,215.43250274658203,,206.91000366210938
2022-02-16,219.7100067138672,214.47999572753906,214.47999572753906,218.36000061035156,473600.0,216.92095947265625,213.27000427246094,210.9550018310547,215.43250274658203,212.86500549316406,208.82000732421875
2022-02-17,219.19000244140625,214.52000427246094,216.7100067138672,216.33999633789062,338500.0,214.9142608642578,213.27000427246094,210.9550018310547,215.43250274658203,212.86500549316406,205.86000061035156
2022-02-18,218.25,214.92999267578125,215.77000427246094,215.47000122070312,375500.0,214.0500030517578,213.27000427246094,210.9550018310547,215.43250274658203,212.86500549316406,210.72999572753906
2022-02-22,215.3699951171875,207.9199981689453,214.49000549316406,208.80999755859375,328400.0,208.80999755859375,213.27000427246094,210.19000244140625,215.43250274658203,212.86500549316406,209.0
2022-02-23,210.13999938964844,203.05999755859375,209.47999572753906,203.49000549316406,445600.0,203.49000549316406,211.38500213623047,209.91000366210938,215.87000274658203,212.86500549316406,205.47999572753906
2022-02-24,205.3699951171875,197.75,199.5,204.9499969482422,350000.0,204.9499969482422,208.7300033569336,208.7300033569336,215.87000274658203,213.18500518798828,203.6999969482422
2022-02-25,212.3699951171875,205.02999877929688,205.3000030517578,212.10000610351562,361600.0,212.10000610351562,208.7300033569336,208.7300033569336,215.26000213623047,213.18500518798828,208.60000610351562
2022-02-28,212.3800048828125,208.05999755859375,209.35000610351562,210.17999267578125,499300.0,210.17999267578125,208.7300033569336,208.7300033569336,214.3800048828125,213.18500518798828,206.25999450683594
2022-03-01,210.33999633789062,200.19000244140625,209.1300048828125,202.0,379300.0,202.0,208.7300033569336,208.7300033569336,213.25750350952148,213.18500518798828,207.3699951171875
2022-03-02,211.07000732421875,203.92999267578125,204.5800018310547,209.25,331000.0,209.25,208.47000122070312,208.7300033569336,212.43000411987305,213.18500518798828,205.2899932861328
2022-03-03,212.33999633789062,208.5,210.75999450683594,210.64999389648438,309400.0,210.64999389648438,208.0,208.7300033569336,212.43000411987305,213.18500518798828,208.39999389648438
2022-03-04,207.7100067138672,204.0399932861328,207.0500030517578,207.5,319100.0,207.5,206.55999755859375,208.7300033569336,212.43000411987305,213.18500518798828,210.77999877929688
2022-03-07,207.5,201.35000610351562,207.5,204.14999389648438,478300.0,204.14999389648438,205.06500244140625,208.7300033569336,212.06250381469727,213.18500518798828,210.55999755859375
2022-03-08,214.0800018310547,205.3699951171875,206.58999633789062,206.35000610351562,503900.0,206.35000610351562,205.91500091552734,208.7300033569336,210.85250091552734,212.38500213623047,210.63999938964844
2022-03-09,212.27000427246094,207.38999938964844,210.72999572753906,207.69000244140625,297800.0,207.69000244140625,207.13500213623047,208.7300033569336,210.24500274658203,212.38500213623047,211.16000366210938
2022-03-10,207.33999633789062,204.3800048828125,204.3800048828125,207.02000427246094,213300.0,207.02000427246094,207.13500213623047,208.7300033569336,209.95249938964844,212.2750015258789,216.3000030517578
2022-03-11,209.42999267578125,205.52999877929688,207.9499969482422,205.6999969482422,223000.0,205.6999969482422,207.13500213623047,208.7300033569336,209.75500106811523,212.2750015258789,226.8699951171875
2022-03-14,206.52000427246094,202.17999267578125,205.0,204.72000122070312,724400.0,204.72000122070312,207.71500396728516,208.7300033569336,211.04000091552734,212.2750015258789,226.32000732421875
2022-03-15,206.60000610351562,200.4499969482422,206.60000610351562,202.58999633789062,576900.0,202.58999633789062,207.26499938964844,208.7300033569336,211.04000091552734,212.2750015258789,226.19000244140625
2022-03-16,206.77000427246094,202.24000549316406,203.6699981689453,206.22000122070312,468000.0,206.22000122070312,207.26499938964844,208.7300033569336,211.04000091552734,212.2750015258789,222.3800048828125
2022-03-17,210.36000061035156,204.50999450683594,205.0,210.35000610351562,408900.0,210.35000610351562,207.26499938964844,208.7300033569336,211.04000091552734,212.2750015258789,223.25999450683594
2022-03-18,214.80999755859375,207.91000366210938,210.27999877929688,213.99000549316406,1199600.0,213.99000549316406,207.62999725341797,208.7300033569336,211.04000091552734,212.2750015258789,219.61000061035156
2022-03-21,216.35000610351562,211.99000549316406,214.1699981689453,212.7899932861328,424200.0,212.7899932861328,208.4000015258789,208.7300033569336,212.05500030517578,212.2750015258789,220.4199981689453
2022-03-22,214.69000244140625,211.08999633789062,214.69000244140625,212.57000732421875,224300.0,212.57000732421875,208.4000015258789,208.7300033569336,212.07250213623047,212.2750015258789,220.24000549316406
2022-03-23,212.08999633789062,205.63999938964844,212.07000732421875,207.16000366210938,313100.0,207.16000366210938,208.4000015258789,208.7300033569336,212.06000137329102,212.2750015258789,212.49000549316406
2022-03-24,208.66000366210938,205.13999938964844,208.0500030517578,206.91000366210938,290000.0,206.91000366210938,208.4000015258789,208.7300033569336,212.06000137329102,212.2750015258789,214.22000122070312
2022-03-25,209.55999755859375,206.05999755859375,207.58999633789062,208.82000732421875,270700.0,208.82000732421875,208.4000015258789,208.47000122070312,212.1125030517578,212.2750015258789,219.77999877929688
2022-03-28,208.52000427246094,203.1199951171875,208.52000427246094,205.86000061035156,488300.0,205.86000061035156,209.29500579833984,208.0,212.1125030517578,212.2750015258789,227.9499969482422
2022-03-29,211.3800048828125,206.66000366210938,207.1300048828125,210.72999572753906,555300.0,210.72999572753906,209.73500061035156,207.0500030517578,212.1125030517578,212.2750015258789,221.97000122070312
2022-03-30,212.5399932861328,208.5399932861328,209.75999450683594,209.0,234500.0,209.0,209.73500061035156,207.0500030517578,211.7300033569336,212.2750015258789,218.1300048828125
2022-03-31,211.19000244140625,205.41000366210938,208.10000610351562,205.47999572753906,346500.0,205.47999572753906,209.73500061035156,207.0500030517578,210.64750289916992,212.2750015258789,217.9600067138672
2022-04-01,207.5,201.75999450683594,206.77999877929688,203.6999969482422,335300.0,203.6999969482422,208.2249984741211,208.27000427246094,208.7300033569336,211.09500122070312,214.0
2022-04-04,208.61000061035156,201.0,203.0399932861328,208.60000610351562,347400.0,208.60000610351562,206.7699966430664,208.27000427246094,208.7300033569336,211.09500122070312,210.91000366210938
2022-04-05,209.82000732421875,205.8000030517578,208.16000366210938,206.25999450683594,275500.0,206.25999450683594,206.7699966430664,208.27000427246094,208.7300033569336,211.09500122070312,214.75
2022-04-06,208.5,203.50999450683594,204.8699951171875,207.3699951171875,317600.0,207.3699951171875,206.7699966430664,208.4000015258789,208.7300033569336,211.09500122070312,216.49000549316406
2022-04-07,207.8699951171875,203.49000549316406,207.1999969482422,205.2899932861328,347900.0,205.2899932861328,206.7699966430664,208.4000015258789,208.60000228881836,211.09500122070312,216.83999633789062
2022-04-08,211.49000549316406,205.22999572753906,206.44000244140625,208.39999389648438,465200.0,208.39999389648438,206.7699966430664,208.4000015258789,208.3650016784668,211.09500122070312,223.3699951171875
2022-04-11,212.8300018310547,208.9499969482422,208.9499969482422,210.77999877929688,330400.0,210.77999877929688,206.91500091552734,208.4000015258789,207.64500045776367,211.09500122070312,216.39999389648438
2022-04-12,214.63999938964844,210.47999572753906,211.22000122070312,210.55999755859375,344500.0,210.55999755859375,207.81999969482422,208.4000015258789,206.89750289916992,211.09500122070312,215.02999877929688
2022-04-13,211.89999389648438,208.7899932861328,209.0399932861328,210.63999938964844,314900.0,210.63999938964844,207.81999969482422,208.4000015258789,207.32250213623047,211.09500122070312,209.9600067138672
2022-04-14,212.25,209.58999633789062,211.52000427246094,211.16000366210938,256000.0,211.16000366210938,207.81999969482422,208.4000015258789,207.93250274658203,211.09500122070312,212.32000732421875
2022-04-18,217.38999938964844,209.97999572753906,209.97999572753906,216.3000030517578,537400.0,216.3000030517578,210.44000244140625,208.9199981689453,207.93250274658203,211.09500122070312,211.9199981689453
2022-04-19,227.47000122070312,217.42999267578125,217.64999389648438,226.8699951171875,911300.0,226.8699951171875,215.4800033569336,213.95999908447266,207.93250274658203,211.09500122070312,215.2100067138672
2022-04-20,231.13999938964844,225.82000732421875,228.4499969482422,226.32000732421875,702900.0,226.32000732421875,217.31500244140625,215.7949981689453,208.22250366210938,211.09500122070312,219.27000427246094
2022-04-21,235.36000061035156,225.5,232.99000549316406,226.19000244140625,1076400.0,226.19000244140625,220.2949981689453,218.18000030517578,207.99750137329102,211.09500122070312,222.89999389648438
2022-04-22,226.83999633789062,221.74000549316406,226.83999633789062,222.3800048828125,576700.0,222.3800048828125,222.0749969482422,218.18000030517578,207.99750137329102,211.09500122070312,221.8800048828125
2022-04-25,224.47000122070312,214.66000366210938,221.02000427246094,223.25999450683594,578600.0,223.25999450683594,222.0749969482422,218.18000030517578,207.99750137329102,211.09500122070312,216.9600067138672
2022-04-26,223.25999450683594,219.07000732421875,221.97999572753906,219.61000061035156,342100.0,219.61000061035156,222.0749969482422,218.18000030517578,208.18000030517578,211.09500122070312,220.49000549316406
2022-04-27,223.39999389648438,219.10000610351562,220.9600067138672,220.4199981689453,392800.0,220.4199981689453,222.4749984741211,218.18000030517578,208.56500244140625,211.09500122070312,220.19000244140625
2022-04-28,221.50999450683594,216.00999450683594,221.50999450683594,220.24000549316406,574400.0,220.24000549316406,222.6699981689453,218.18000030517578,208.56500244140625,210.22000122070312,221.55999755859375
2022-04-29,220.2100067138672,211.8300018310547,219.8300018310547,212.49000549316406,480600.0,212.49000549316406,223.59500122070312,218.18000030517578,208.56500244140625,209.7750015258789,224.67999267578125
2022-05-02,216.4199981689453,209.60000610351562,213.35000610351562,214.22000122070312,369500.0,214.22000122070312,222.4800033569336,218.18000030517578,208.56500244140625,209.7750015258789,221.24000549316406
2022-05-03,220.0800018310547,215.08999633789062,215.08999633789062,219.77999877929688,384900.0,219.77999877929688,222.4800033569336,218.18000030517578,208.43500137329102,209.7750015258789,218.6699981689453
2022-05-04,228.55999755859375,219.22999572753906,220.5500030517578,227.9499969482422,360900.0,227.9499969482422,219.0800018310547,218.18000030517578,208.64750289916992,209.7750015258789,209.36000061035156
2022-05-05,226.9600067138672,219.83999633789062,225.57000732421875,221.97000122070312,345700.0,221.97000122070312,219.0800018310547,218.18000030517578,208.3925018310547,209.7750015258789,205.94000244140625
2022-05-06,222.1199951171875,215.52000427246094,222.1199951171875,218.1300048828125,351300.0,218.1300048828125,219.0800018310547,218.18000030517578,208.3925018310547,209.01000213623047,205.57000732421875
2022-05-09,220.11000061035156,215.3300018310547,215.3300018310547,217.9600067138672,320100.0,217.9600067138672,219.0800018310547,218.18000030517578,208.3925018310547,208.7300033569336,203.83999633789062
2022-05-10,220.0,211.72000122070312,219.3800048828125,214.0,387400.0,214.0,219.0800018310547,218.18000030517578,208.24750137329102,208.7300033569336,191.82000732421875
2022-05-11,217.92999267578125,210.3300018310547,215.0,210.91000366210938,284200.0,210.91000366210938,219.0800018310547,219.4250030517578,207.52000045776367,208.7300033569336,195.72999572753906
2022-05-12,214.8300018310547,209.11000061035156,209.83999633789062,214.75,317700.0,214.75,218.83499908447266,219.4250030517578,207.52000045776367,208.7300033569336,197.5399932861328
2022-05-13,217.77000427246094,214.74000549316406,215.9499969482422,216.49000549316406,174400.0,216.49000549316406,218.83499908447266,219.4250030517578,207.58499908447266,208.7300033569336,196.60000610351562
2022-05-16,218.27000427246094,211.69000244140625,215.92999267578125,216.83999633789062,247600.0,216.83999633789062,218.83499908447266,220.2949981689453,207.58499908447266,208.7300033569336,195.82000732421875
2022-05-17,223.41000366210938,219.41000366210938,219.88999938964844,223.3699951171875,365000.0,223.3699951171875,218.03500366210938,222.0749969482422,207.58499908447266,208.7300033569336,201.8699951171875
2022-05-18,222.72999572753906,215.8800048828125,222.0,216.39999389648438,357100.0,216.39999389648438,216.26000213623047,222.0749969482422,207.65750122070312,208.7300033569336,204.07000732421875
2022-05-19,218.80999755859375,211.91000366210938,213.19000244140625,215.02999877929688,440800.0,215.02999877929688,216.26000213623047,222.0749969482422,208.11000061035156,208.7300033569336,201.11000061035156
2022-05-20,218.44000244140625,206.35000610351562,216.74000549316406,209.9600067138672,387900.0,209.9600067138672,214.8800048828125,220.8550033569336,208.11000061035156,208.7300033569336,198.8699951171875
2022-05-23,214.14999389648438,210.4600067138672,211.97000122070312,212.32000732421875,291200.0,212.32000732421875,214.8800048828125,220.8550033569336,208.11000061035156,208.7300033569336,197.02999877929688
2022-05-24,212.92999267578125,207.27000427246094,212.25999450683594,211.9199981689453,313800.0,211.9199981689453,214.8800048828125,220.8550033569336,209.68000030517578,208.7300033569336,198.24000549316406
2022-05-25,215.5399932861328,209.25,210.32000732421875,215.2100067138672,300400.0,215.2100067138672,214.8800048828125,220.8550033569336,214.72000122070312,212.61000061035156,198.6999969482422
2022-05-26,220.10000610351562,216.82000732421875,217.0800018310547,219.27000427246094,326000.0,219.27000427246094,214.8800048828125,220.8550033569336,216.55500030517578,214.44499969482422,198.66000366210938
2022-05-27,223.02999877929688,220.1199951171875,220.77999877929688,222.89999389648438,232900.0,222.89999389648438,214.8800048828125,217.4550018310547,219.23749923706055,216.55500030517578,201.33999633789062
2022-05-31,222.99000549316406,219.02000427246094,220.61000061035156,221.8800048828125,406900.0,221.8800048828125,214.69000244140625,217.4550018310547,220.12749862670898,216.55500030517578,198.02000427246094
2022-06-01,223.24000549316406,214.8000030517578,223.19000244140625,216.9600067138672,290300.0,216.9600067138672,214.79500579833984,217.4550018310547,220.12749862670898,216.55500030517578,197.88999938964844
2022-06-02,220.8000030517578,217.27999877929688,218.02000427246094,220.49000549316406,150900.0,220.49000549316406,214.79500579833984,217.4550018310547,220.12749862670898,216.55500030517578,199.55999755859375
2022-06-03,220.4199981689453,218.0500030517578,219.07000732421875,220.19000244140625,164400.0,220.19000244140625,215.2550048828125,217.4550018310547,220.32749938964844,216.55500030517578,197.1699981689453
2022-06-06,222.2899932861328,220.1999969482422,220.88999938964844,221.55999755859375,202100.0,221.55999755859375,215.2550048828125,217.4550018310547,220.42499923706055,216.55500030517578,196.0399932861328
2022-06-07,224.72999572753906,219.1199951171875,220.4600067138672,224.67999267578125,242000.0,224.67999267578125,216.98999786376953,217.4550018310547,220.88750076293945,216.55500030517578,197.8699951171875
2022-06-08,224.0,221.02000427246094,222.75,221.24000549316406,229600.0,221.24000549316406,219.76499938964844,217.4550018310547,220.3300018310547,216.55500030517578,200.30999755859375
2022-06-09,222.6699981689453,218.3800048828125,220.47999572753906,218.6699981689453,159100.0,218.6699981689453,219.76499938964844,217.4550018310547,220.3300018310547,216.55500030517578,207.5500030517578
2022-06-10,215.07000732421875,209.1300048828125,214.74000549316406,209.36000061035156,263500.0,209.36000061035156,216.93000030517578,216.6550064086914,218.63000106811523,216.55500030517578,207.82000732421875
2022-06-13,208.4199981689453,202.77000427246094,205.9499969482422,205.94000244140625,303500.0,205.94000244140625,213.75,213.75,218.63000106811523,216.55500030517578,211.80999755859375
2022-06-14,208.38999938964844,203.3800048828125,206.0500030517578,205.57000732421875,260900.0,205.57000732421875,213.75,213.75,218.63000106811523,216.55500030517578,213.27000427246094
2022-06-15,207.3800048828125,202.8000030517578,206.25999450683594,203.83999633789062,307100.0,203.83999633789062,213.75,213.75,218.63000106811523,216.55500030517578,214.17999267578125
2022-06-16,200.19000244140625,190.42999267578125,200.19000244140625,191.82000732421875,531000.0,191.82000732421875,207.57999420166016,207.57999420166016,218.63000106811523,217.7750015258789,215.99000549316406
2022-06-17,197.69000244140625,190.0800018310547,191.50999450683594,195.72999572753906,1240400.0,195.72999572753906,207.40499877929688,207.40499877929688,219.25250244140625,217.7750015258789,219.27000427246094
2022-06-21,199.0500030517578,196.19000244140625,198.63999938964844,197.5399932861328,277300.0,197.5399932861328,207.04000091552734,207.40499877929688,219.13000106811523,217.7750015258789,221.61000061035156
2022-06-22,197.6999969482422,194.1199951171875,194.75,196.60000610351562,274100.0,196.60000610351562,206.375,207.40499877929688,219.13000106811523,217.90499877929688,224.0500030517578
2022-06-23,198.5,192.94000244140625,196.4499969482422,195.82000732421875,230800.0,195.82000732421875,202.57500457763672,207.40499877929688,219.56499862670898,217.90499877929688,224.0
2022-06-24,202.72000122070312,196.42999267578125,197.0,201.8699951171875,391100.0,201.8699951171875,199.25,207.40499877929688,220.05500030517578,217.90499877929688,221.6199951171875
2022-06-27,205.22000122070312,200.8800048828125,203.0,204.07000732421875,221000.0,204.07000732421875,199.23500061035156,207.40499877929688,219.16749954223633,217.90499877929688,223.16000366210938
2022-06-28,206.61000061035156,201.0,205.9600067138672,201.11000061035156,291100.0,201.11000061035156,198.7300033569336,207.40499877929688,219.16749954223633,217.90499877929688,223.05999755859375
2022-06-29,201.60000610351562,198.2100067138672,201.60000610351562,198.8699951171875,199900.0,198.8699951171875,198.34500122070312,207.40499877929688,217.86750411987305,217.90499877929688,223.0
2022-06-30,198.83999633789062,195.07000732421875,196.08999633789062,197.02999877929688,355500.0,197.02999877929688,198.34500122070312,207.40499877929688,217.86750411987305,217.90499877929688,224.4199981689453
2022-07-01,200.2100067138672,194.74000549316406,197.5500030517578,198.24000549316406,275100.0,198.24000549316406,199.7750015258789,207.40499877929688,217.86750411987305,217.90499877929688,221.47000122070312
2022-07-05,198.82000732421875,193.08999633789062,195.1199951171875,198.6999969482422,242800.0,198.6999969482422,199.7750015258789,207.40499877929688,217.86750411987305,217.90499877929688,226.7899932861328
2022-07-06,200.0,195.86000061035156,197.89999389648438,198.66000366210938,219300.0,198.66000366210938,199.7750015258789,207.40499877929688,217.86750411987305,217.90499877929688,228.74000549316406
2022-07-07,202.2100067138672,199.38999938964844,200.30999755859375,201.33999633789062,213400.0,201.33999633789062,199.8499984741211,207.40499877929688,216.1675033569336,218.18000030517578,231.36000061035156
2022-07-08,201.8800048828125,197.9199981689453,199.99000549316406,198.02000427246094,261500.0,198.02000427246094,199.8499984741211,207.40499877929688,216.07250213623047,218.18000030517578,230.57000732421875
2022-07-11,199.14999389648438,196.91000366210938,197.1300048828125,197.88999938964844,219300.0,197.88999938964844,199.8499984741211,207.40499877929688,216.12500381469727,218.18000030517578,233.35000610351562
2022-07-12,204.08999633789062,198.77000427246094,199.25,199.55999755859375,276700.0,199.55999755859375,198.58999633789062,207.40499877929688,216.12500381469727,218.18000030517578,231.5800018310547
2022-07-13,198.75999450683594,195.80999755859375,197.00999450683594,197.1699981689453,187600.0,197.1699981689453,198.58999633789062,207.40499877929688,216.3550033569336,218.18000030517578,231.91000366210938
2022-07-14,196.2100067138672,192.25,194.27000427246094,196.0399932861328,158600.0,196.0399932861328,198.1699981689453,207.40499877929688,216.3550033569336,218.18000030517578,230.1300048828125
2022-07-15,199.24000549316406,196.1300048828125,199.0800018310547,197.8699951171875,193900.0,197.8699951171875,198.1699981689453,207.04000091552734,217.2224998474121,218.18000030517578,223.64999389648438
2022-07-18,201.50999450683594,199.0,199.2899932861328,200.30999755859375,355700.0,200.30999755859375,198.1699981689453,206.375,218.61000061035156,218.18000030517578,223.10000610351562
2022-07-19,208.13999938964844,202.6699981689453,202.6699981689453,207.5500030517578,329700.0,207.5500030517578,200.19499969482422,202.57500457763672,218.61000061035156,218.18000030517578,223.9499969482422
2022-07-20,208.74000549316406,206.10000610351562,207.66000366210938,207.82000732421875,256600.0,207.82000732421875,200.49500274658203,199.41000366210938,216.7925033569336,218.18000030517578,227.92999267578125
2022-07-21,214.67999267578125,206.0,208.36000061035156,211.80999755859375,488800.0,211.80999755859375,203.46499633789062,202.37999725341797,213.75,218.18000030517578,220.25
2022-07-22,214.6999969482422,211.80999755859375,213.0,213.27000427246094,468400.0,213.27000427246094,203.4749984741211,202.38999938964844,213.75,218.18000030517578,221.4199981689453
2022-07-25,215.58999633789062,211.97000122070312,214.14999389648438,214.17999267578125,317900.0,214.17999267578125,203.9199981689453,202.83499908447266,213.75,218.18000030517578,218.25999450683594
2022-07-26,216.32000732421875,212.77000427246094,212.94000244140625,215.99000549316406,305300.0,215.99000549316406,204.28500366210938,203.20000457763672,207.57999420166016,212.8949966430664,217.86000061035156
2022-07-27,220.14999389648438,214.6300048828125,215.75999450683594,219.27000427246094,332000.0,219.27000427246094,208.13999938964844,206.1999969482422,207.40499877929688,212.72000122070312,215.0
2022-07-28,222.1699981689453,218.05999755859375,218.05999755859375,221.61000061035156,361000.0,221.61000061035156,210.58499908447266,207.20999908447266,207.2224998474121,212.72000122070312,213.41000366210938
2022-07-29,224.5,220.8000030517578,222.4600067138672,224.0500030517578,372800.0,224.0500030517578,213.58499908447266,208.375,206.88999938964844,212.72000122070312,217.11000061035156
2022-08-01,224.3800048828125,221.07000732421875,222.97999572753906,224.0,186000.0,224.0,215.25,208.375,204.9900016784668,212.72000122070312,223.47000122070312
2022-08-02,224.1300048828125,220.88999938964844,223.7100067138672,221.6199951171875,413000.0,221.6199951171875,215.25,208.375,203.32749938964844,212.72000122070312,222.35000610351562
2022-08-03,223.8300018310547,220.61000061035156,221.6999969482422,223.16000366210938,263300.0,223.16000366210938,218.15499877929688,208.375,203.31999969482422,212.72000122070312,223.42999267578125
2022-08-04,223.97000122070312,222.3699951171875,223.16000366210938,223.05999755859375,254300.0,223.05999755859375,218.23500061035156,208.375,203.06750106811523,212.72000122070312,224.85000610351562
2022-08-05,223.9600067138672,220.50999450683594,222.00999450683594,223.0,232600.0,223.0,218.63500213623047,208.375,202.875,212.72000122070312,217.2100067138672
2022-08-08,225.27000427246094,222.5800018310547,223.5500030517578,224.4199981689453,361200.0,224.4199981689453,219.95000457763672,208.76000213623047,202.875,212.72000122070312,216.72999572753906
2022-08-09,223.92999267578125,220.89999389648438,223.77000427246094,221.47000122070312,156200.0,221.47000122070312,221.66500091552734,208.76000213623047,203.5900001525879,212.72000122070312,214.8300018310547
2022-08-10,227.3800048828125,224.24000549316406,225.0,226.7899932861328,186700.0,226.7899932861328,223.94499969482422,209.81500244140625,203.5900001525879,212.72000122070312,215.4600067138672
2022-08-11,230.13999938964844,226.66000366210938,228.83999633789062,228.74000549316406,328200.0,228.74000549316406,225.3249969482422,211.19499969482422,203.5900001525879,212.72000122070312,220.72000122070312
2022-08-12,231.47999572753906,228.02999877929688,228.99000549316406,231.36000061035156,298400.0,231.36000061035156,225.9949951171875,211.86499786376953,203.62749862670898,209.31999969482422,217.24000549316406
2022-08-15,231.1199951171875,229.11000061035156,229.66000366210938,230.57000732421875,226700.0,230.57000732421875,225.9949951171875,211.86499786376953,203.62749862670898,209.31999969482422,215.7899932861328
2022-08-16,234.91000366210938,229.17999267578125,229.77000427246094,233.35000610351562,293600.0,233.35000610351562,227.70999908447266,213.5800018310547,203.62749862670898,209.31999969482422,210.9199981689453
2022-08-17,232.42999267578125,230.6699981689453,231.22000122070312,231.5800018310547,225800.0,231.5800018310547,227.70999908447266,213.5800018310547,202.99749755859375,209.31999969482422,206.4499969482422
2022-08-18,232.25,230.35000610351562,230.72999572753906,231.91000366210938,153400.0,231.91000366210938,227.90499877929688,213.5800018310547,202.99749755859375,209.31999969482422,206.63999938964844
2022-08-19,231.88999938964844,229.55999755859375,231.1699981689453,230.1300048828125,229800.0,230.1300048828125,227.90499877929688,215.52000427246094,202.7874984741211,209.31999969482422,204.32000732421875
2022-08-22,228.02000427246094,223.5,227.6199951171875,223.64999389648438,206400.0,223.64999389648438,229.2050018310547,216.9550018310547,202.60499954223633,209.31999969482422,208.0800018310547
2022-08-23,224.60000610351562,222.36000061035156,223.64999389648438,223.10000610351562,187100.0,223.10000610351562,228.63500213623047,218.79000091552734,202.27249908447266,209.31999969482422,202.75999450683594
2022-08-24,224.11000061035156,221.7899932861328,223.27000427246094,223.9499969482422,186700.0,223.9499969482422,228.3499984741211,220.4550018310547,201.38500213623047,209.31999969482422,201.35000610351562
2022-08-25,227.97999572753906,224.36000061035156,224.36000061035156,227.92999267578125,192500.0,227.92999267578125,228.3499984741211,220.4550018310547,199.9525032043457,208.52000427246094,206.9600067138672
2022-08-26,228.66000366210938,220.16000366210938,228.66000366210938,220.25,220100.0,220.25,227.53500366210938,223.36000061035156,202.9224967956543,207.40499877929688,214.4199981689453
2022-08-29,221.7100067138672,217.77999877929688,218.27999877929688,221.4199981689453,242300.0,221.4199981689453,225.10499572753906,223.44000244140625,202.93249893188477,207.40499877929688,214.0
2022-08-30,222.13999938964844,217.47999572753906,222.13999938964844,218.25999450683594,278400.0,218.25999450683594,224.86499786376953,223.84000396728516,203.37749862670898,207.40499877929688,213.80999755859375
2022-08-31,219.0800018310547,216.44000244140625,218.88999938964844,217.86000061035156,359500.0,217.86000061035156,224.16500091552734,224.77000427246094,203.74250411987305,207.40499877929688,209.5500030517578
2022-09-01,217.32000732421875,213.94000244140625,216.44000244140625,215.0,323100.0,215.0,221.3000030517578,224.4250030517578,207.1699981689453,207.40499877929688,209.2899932861328
2022-09-02,218.47000122070312,212.30999755859375,217.8000030517578,213.41000366210938,282800.0,213.41000366210938,220.48500061035156,223.61000061035156,208.89749908447266,207.40499877929688,209.0399932861328
2022-09-06,217.32000732421875,212.89999389648438,214.6999969482422,217.11000061035156,318100.0,217.11000061035156,220.48500061035156,223.61000061035156,210.97999954223633,207.40499877929688,207.7899932861328
2022-09-07,223.69000244140625,216.02000427246094,217.08999633789062,223.47000122070312,342800.0,223.47000122070312,220.48500061035156,223.61000061035156,211.8125,207.40499877929688,212.3699951171875
2022-09-08,223.3000030517578,219.2899932861328,221.19000244140625,222.35000610351562,341500.0,222.35000610351562,220.48500061035156,223.61000061035156,211.8125,207.40499877929688,209.60000610351562
2022-09-09,225.10000610351562,222.77999877929688,223.6699981689453,223.42999267578125,174400.0,223.42999267578125,218.7050018310547,223.61000061035156,213.26499938964844,207.40499877929688,212.5
2022-09-12,225.16000366210938,222.72999572753906,223.07000732421875,224.85000610351562,324100.0,224.85000610351562,218.73500061035156,223.61000061035156,213.30500030517578,207.40499877929688,216.63999938964844
2022-09-13,221.42999267578125,216.66000366210938,220.0500030517578,217.2100067138672,340200.0,217.2100067138672,218.73500061035156,223.61000061035156,213.50500106811523,207.40499877929688,213.6999969482422
2022-09-14,218.39999389648438,214.5800018310547,217.4499969482422,216.72999572753906,354900.0,216.72999572753906,218.73500061035156,223.61000061035156,214.3550033569336,207.6750030517578,203.13999938964844
2022-09-15,218.50999450683594,213.64999389648438,217.1699981689453,214.8300018310547,280600.0,214.8300018310547,218.73500061035156,223.61000061035156,215.2125015258789,207.6750030517578,207.75
2022-09-16,215.6300048828125,211.16000366210938,213.0800018310547,215.4600067138672,671200.0,215.4600067138672,218.16000366210938,223.03500366210938,216.88000106811523,208.7300033569336,212.72000122070312
2022-09-19,220.86000061035156,214.08999633789062,214.08999633789062,220.72000122070312,258800.0,220.72000122070312,218.16000366210938,223.03500366210938,218.2599983215332,210.11000061035156,218.24000549316406
2022-09-20,218.9499969482422,215.27999877929688,218.9499969482422,217.24000549316406,250600.0,217.24000549316406,218.16000366210938,223.03500366210938,218.92999649047852,210.77999877929688,216.25
2022-09-21,221.5,215.6300048828125,218.94000244140625,215.7899932861328,248900.0,215.7899932861328,218.16000366210938,223.03500366210938,218.92999649047852,210.77999877929688,
2022-09-22,217.17999267578125,210.83999633789062,216.10000610351562,210.9199981689453,253700.0,210.9199981689453,218.0,221.63499450683594,220.64500045776367,212.49500274658203,
2022-09-23,208.8300018310547,202.83999633789062,208.8300018310547,206.4499969482422,323400.0,206.4499969482422,212.1699981689453,217.5449981689453,220.64500045776367,212.49500274658203,
2022-09-26,209.38999938964844,205.4499969482422,205.9199981689453,206.63999938964844,314400.0,206.63999938964844,212.1699981689453,217.36499786376953,220.74250030517578,212.49500274658203,
2022-09-27,209.8699951171875,202.44000244140625,209.0500030517578,204.32000732421875,299800.0,204.32000732421875,211.97000122070312,215.5500030517578,221.7125015258789,212.49500274658203,
2022-09-28,209.1199951171875,203.92999267578125,205.72000122070312,208.0800018310547,274700.0,208.0800018310547,211.97000122070312,215.5500030517578,223.0800018310547,212.49500274658203,
2022-09-29,206.64999389648438,202.0,206.64999389648438,202.75999450683594,342600.0,202.75999450683594,211.75,215.3300018310547,223.7125015258789,212.49500274658203,
2022-09-30,205.69000244140625,200.75,203.64999389648438,201.35000610351562,416900.0,201.35000610351562,211.125,214.7050018310547,224.4025001525879,212.49500274658203,
2022-10-03,208.14999389648438,202.61000061035156,203.99000549316406,206.9600067138672,323900.0,206.9600067138672,211.125,214.7050018310547,224.4025001525879,212.49500274658203,
2022-10-04,214.4499969482422,209.97000122070312,209.97000122070312,214.4199981689453,225200.0,214.4199981689453,208.96499633789062,212.9550018310547,225.44750213623047,212.49500274658203,
2022-10-05,215.1300048828125,211.5399932861328,211.66000366210938,214.0,209200.0,214.0,207.94000244140625,212.9550018310547,224.27249908447266,212.49500274658203,
2022-10-06,215.5399932861328,213.44000244140625,213.88999938964844,213.80999755859375,218700.0,213.80999755859375,208.1449966430664,212.9550018310547,224.35250091552734,212.49500274658203,
2022-10-07,212.33999633789062,208.0399932861328,212.33999633789062,209.5500030517578,211600.0,209.5500030517578,208.1449966430664,212.9550018310547,224.46750259399414,212.49500274658203,
2022-10-10,212.13999938964844,207.58999633789062,211.41000366210938,209.2899932861328,202500.0,209.2899932861328,208.1449966430664,212.9550018310547,222.8625030517578,213.5800018310547,
2022-10-11,211.57000732421875,207.77000427246094,209.27999877929688,209.0399932861328,232800.0,209.0399932861328,208.1449966430664,212.9550018310547,222.04750061035156,213.5800018310547,
2022-10-12,210.7100067138672,207.67999267578125,209.44000244140625,207.7899932861328,206100.0,207.7899932861328,208.1449966430664,212.9550018310547,222.04750061035156,213.5800018310547,
2022-10-13,214.13999938964844,202.9600067138672,204.77000427246094,212.3699951171875,273800.0,212.3699951171875,209.0749969482422,212.9550018310547,222.04750061035156,213.5800018310547,
2022-10-14,214.74000549316406,208.80999755859375,213.58999633789062,209.60000610351562,225100.0,209.60000610351562,209.25,212.9550018310547,222.04750061035156,213.5800018310547,
2022-10-17,214.17999267578125,211.7100067138672,212.5800018310547,212.5,423400.0,212.5,209.25,212.9550018310547,221.15750122070312,213.5800018310547,
2022-10-18,218.50999450683594,214.66000366210938,215.94000244140625,216.63999938964844,307500.0,216.63999938964844,210.73500061035156,211.125,221.17250061035156,213.5800018310547,
2022-10-19,216.77000427246094,212.6999969482422,216.27999877929688,213.6999969482422,335400.0,213.6999969482422,210.73500061035156,211.125,221.17250061035156,213.5800018310547,
2022-10-20,213.0,203.1199951171875,212.11000061035156,203.13999938964844,637900.0,203.13999938964844,210.73500061035156,211.125,221.17250061035156,213.5800018310547,
2022-10-21,208.39999389648438,201.8000030517578,204.97000122070312,207.75,517800.0,207.75,210.15499877929688,211.125,221.17250061035156,213.5800018310547,
2022-10-24,212.88999938964844,209.97999572753906,209.99000549316406,212.72000122070312,333500.0,212.72000122070312,210.15499877929688,211.125,220.59750366210938,213.5800018310547,
2022-10-25,218.33999633789062,212.58999633789062,212.58999633789062,218.24000549316406,325500.0,218.24000549316406,210.15499877929688,211.125,220.59750366210938,213.5800018310547,
2022-10-26,220.0399932861328,214.88999938964844,219.22000122070312,216.25,302679.0,216.25,210.9199981689453,211.125,220.59750366210938,213.5800018310547,
